xlabel,ylabel,distance
1:A,1:A,0.0
1:A,2:A,3.8123785226548503
1:A,3:A,6.6494256894862716
1:A,4:A,10.157093924937389
1:A,5:A,13.028821473947673
1:A,6:A,16.5395044061181
1:A,7:A,19.377225317366776
1:A,8:A,22.48444987096638
1:A,9:A,24.702511066691176
1:A,10:A,28.355677632530664
1:A,11:A,29.590705398824138
1:A,12:A,26.229231727216106
1:A,13:A,23.351227076965355
1:A,14:A,20.19850326138053
1:A,15:A,16.46756779248229
1:A,16:A,13.6962265241197
1:A,17:A,9.924675762965762
1:A,18:A,8.55309096175178
1:A,19:A,6.017877782075671
1:A,20:A,6.125946947207435
1:A,21:A,6.380269351681012
1:A,22:A,8.149224441626334
1:A,23:A,9.849572884140715
1:A,24:A,12.780521624722523
1:A,25:A,11.788113419881912
1:A,26:A,10.038238939176532
1:A,27:A,13.574735098704505
1:A,28:A,15.428864734645902
1:A,29:A,13.240035271856339
1:A,30:A,13.801847629937088
1:A,31:A,17.241313349046237
1:A,32:A,18.09775679469696
1:A,33:A,17.661254938423827
1:A,34:A,19.673901926155878
1:A,35:A,22.245075567414915
1:A,36:A,22.927370782538496
1:A,37:A,24.04275445950401
1:A,38:A,25.715205210147555
1:A,39:A,23.656600114978485
1:A,40:A,23.661956343464077
1:A,41:A,24.708207644424554
1:A,42:A,22.90894606916695
1:A,43:A,19.1463754794478
1:A,44:A,17.48038543625397
1:A,45:A,14.211473252270503
1:A,46:A,13.627912129156101
1:A,47:A,11.727257863626946
1:A,48:A,13.593728112626057
1:A,49:A,11.60548568565745
1:A,50:A,8.569427868883666
1:A,51:A,10.957008031392512
1:A,52:A,12.329496380631287
1:A,53:A,16.06687026150395
1:A,54:A,18.92415903019207
1:A,55:A,22.64703965201633
1:A,56:A,25.45545059510831
2:A,1:A,3.8123785226548503
2:A,2:A,0.0
2:A,3:A,3.807712436621231
2:A,4:A,6.762431589302771
2:A,5:A,9.646158458163539
2:A,6:A,13.167728050047208
2:A,7:A,15.922018747633732
2:A,8:A,19.17507486295686
2:A,9:A,21.319530037034117
2:A,10:A,24.978998899075197
2:A,11:A,26.028795861506925
2:A,12:A,22.58585718984338
2:A,13:A,19.69511883690982
2:A,14:A,16.451549410313913
2:A,15:A,12.723383551555774
2:A,16:A,9.88998286146139
2:A,17:A,6.122924219684577
2:A,18:A,5.361473398236719
2:A,19:A,4.4229737733791685
2:A,20:A,6.103654970589341
2:A,21:A,8.312547684073763
2:A,22:A,9.58557609119035
2:A,23:A,10.143085230835833
2:A,24:A,12.897431100804532
2:A,25:A,11.548687631068734
2:A,26:A,8.883423495477405
2:A,27:A,12.142450617564808
2:A,28:A,13.909633532196311
2:A,29:A,11.334746137430693
2:A,30:A,11.104153817378432
2:A,31:A,14.770950003300397
2:A,32:A,15.652553178315673
2:A,33:A,14.632993747008847
2:A,34:A,16.51436747199238
2:A,35:A,19.35199506510892
2:A,36:A,19.820608391267914
2:A,37:A,20.670022012566893
2:A,38:A,22.532162989824123
2:A,39:A,20.514472086797653
2:A,40:A,20.933224357465814
2:A,41:A,22.21915266161156
2:A,42:A,20.65587635516828
2:A,43:A,17.03056240997343
2:A,44:A,15.634699645340168
2:A,45:A,12.802949894457917
2:A,46:A,12.378799012828345
2:A,47:A,11.557542688651425
2:A,48:A,13.34274536967561
2:A,49:A,10.781538480198455
2:A,50:A,7.520232044292248
2:A,51:A,8.652723559666054
2:A,52:A,9.813855766211363
2:A,53:A,13.32608652230654
2:A,54:A,16.128750385569244
2:A,55:A,19.747478294708923
2:A,56:A,22.511882129222336
3:A,1:A,6.6494256894862716
3:A,2:A,3.807712436621231
3:A,3:A,0.0
3:A,4:A,3.8137617911977677
3:A,5:A,6.545788951684893
3:A,6:A,9.927635065815021
3:A,7:A,12.926522927686316
3:A,8:A,15.891620118792169
3:A,9:A,18.31095112221099
3:A,10:A,21.8803094128031
3:A,11:A,23.28204887891098
3:A,12:A,20.02226233471133
3:A,13:A,17.008758684865864
3:A,14:A,14.1197577174681
3:A,15:A,10.455218649076642
3:A,16:A,8.521773700351353
3:A,17:A,5.516051033121431
3:A,18:A,6.024498236367908
3:A,19:A,6.975745766582954
3:A,20:A,7.7298479933307895
3:A,21:A,10.145903064784326
3:A,22:A,10.00104639525285
3:A,23:A,9.080167399337967
3:A,24:A,12.031953914472911
3:A,25:A,11.43474765790658
3:A,26:A,7.993008132111464
3:A,27:A,10.346410826948638
3:A,28:A,12.805083248460354
3:A,29:A,10.867666906930852
3:A,30:A,9.599013595156537
3:A,31:A,13.001234633679989
3:A,32:A,14.703760437384718
3:A,33:A,13.56630944656652
3:A,34:A,14.619982113532151
3:A,35:A,17.77392531209693
3:A,36:A,18.690876838714658
3:A,37:A,18.978474754310472
3:A,38:A,20.46010862630011
3:A,39:A,17.987153054332975
3:A,40:A,18.317835625422564
3:A,41:A,19.219676298002526
3:A,42:A,17.370176452759484
3:A,43:A,13.769045210180698
3:A,44:A,12.101963683634157
3:A,45:A,9.373015203231027
3:A,46:A,8.923150732784917
3:A,47:A,8.910114309031059
3:A,48:A,10.751691122795519
3:A,49:A,8.326905907958851
3:A,50:A,4.878243946339708
3:A,51:A,4.992106669533414
3:A,52:A,6.113668211475006
3:A,53:A,9.671476309230147
3:A,54:A,12.72826040745553
3:A,55:A,16.31930430502477
3:A,56:A,19.318911227085238
4:A,1:A,10.157093924937389
4:A,2:A,6.762431589302771
4:A,3:A,3.8137617911977677
4:A,4:A,0.0
4:A,5:A,3.803178407595416
4:A,6:A,6.6246733504377415
4:A,7:A,9.856325481638683
4:A,8:A,12.817459849751822
4:A,9:A,15.392217643991394
4:A,10:A,18.854013551496138
4:A,11:A,20.107212114064943
4:A,12:A,16.770094990786426
4:A,13:A,13.534432053100714
4:A,14:A,10.590492009344986
4:A,15:A,6.904531700267586
4:A,16:A,5.788629889706199
4:A,17:A,4.302945502792245
4:A,18:A,6.888268577806763
4:A,19:A,9.36212871092894
4:A,20:A,10.836558909543195
4:A,21:A,13.718879764762136
4:A,22:A,13.475748661948248
4:A,23:A,11.973082936320118
4:A,24:A,14.537263979167468
4:A,25:A,13.87171168241324
4:A,26:A,10.140410642572617
4:A,27:A,11.570845690786824
4:A,28:A,13.832764076640649
4:A,29:A,11.861642845744429
4:A,30:A,9.454357989837279
4:A,31:A,12.657520807804346
4:A,32:A,14.490632284341496
4:A,33:A,12.538241144594403
4:A,34:A,12.981404931670532
4:A,35:A,16.53634004246405
4:A,36:A,17.18505949946057
4:A,37:A,16.8216411506131
4:A,38:A,18.471474061373662
4:A,39:A,15.928251881484044
4:A,40:A,16.891011366996352
4:A,41:A,17.896169478410737
4:A,42:A,16.24533979330688
4:A,43:A,13.052968589558468
4:A,44:A,11.597715723365528
4:A,45:A,9.749319207001072
4:A,46:A,9.15530534717439
4:A,47:A,10.5257633452401
4:A,48:A,11.644014470963183
4:A,49:A,8.836857190200599
4:A,50:A,6.518574307315978
4:A,51:A,4.2441684697947615
4:A,52:A,5.273759190558477
4:A,53:A,7.753148328259946
4:A,54:A,10.858460756479253
4:A,55:A,14.061378666403945
4:A,56:A,17.137939432732278
5:A,1:A,13.028821473947673
5:A,2:A,9.646158458163539
5:A,3:A,6.545788951684893
5:A,4:A,3.803178407595416
5:A,5:A,0.0
5:A,6:A,3.8098885810480083
5:A,7:A,6.3836514629168155
5:A,8:A,9.536328486372522
5:A,9:A,11.818349207905475
5:A,10:A,15.394447083282985
5:A,11:A,16.746869468649955
5:A,12:A,13.561823623687191
5:A,13:A,10.625415991856507
5:A,14:A,8.173351515749216
5:A,15:A,5.119378477901394
5:A,16:A,5.246429833705965
5:A,17:A,5.8456317023911115
5:A,18:A,7.855043093452767
5:A,19:A,11.040164672684913
5:A,20:A,12.06468155402371
5:A,21:A,15.243262774091379
5:A,22:A,14.4868767510461
5:A,23:A,12.286615848149564
5:A,24:A,14.082855179259639
5:A,25:A,13.48310361155769
5:A,26:A,9.753635117226807
5:A,27:A,9.986077608350538
5:A,28:A,12.002293530821515
5:A,29:A,10.550444398223233
5:A,30:A,7.291172813752256
5:A,31:A,9.818234922836181
5:A,32:A,12.052219629595207
5:A,33:A,10.023241042696718
5:A,34:A,9.65952669647949
5:A,35:A,13.320040465403999
5:A,36:A,14.303510967591139
5:A,37:A,13.584891497542408
5:A,38:A,14.894086141821527
5:A,39:A,12.176967684937003
5:A,40:A,13.204136132288246
5:A,41:A,14.301944762863545
5:A,42:A,12.972516679503636
5:A,43:A,10.11613172116694
5:A,44:A,9.476882715323642
5:A,45:A,8.866743539767011
5:A,46:A,9.46188173673715
5:A,47:A,11.76499587760234
5:A,48:A,13.288716303691638
5:A,49:A,11.218928692170213
5:A,50:A,9.002625006074616
5:A,51:A,5.751362273409666
5:A,52:A,4.116701349381565
5:A,53:A,5.010620420666487
5:A,54:A,7.3918770281979125
5:A,55:A,10.548621995312942
5:A,56:A,13.424146676791041
6:A,1:A,16.5395044061181
6:A,2:A,13.167728050047208
6:A,3:A,9.927635065815021
6:A,4:A,6.6246733504377415
6:A,5:A,3.8098885810480083
6:A,6:A,0.0
6:A,7:A,3.8067068445048404
6:A,8:A,6.226485525559345
6:A,9:A,9.111153220092394
6:A,10:A,12.352993726218758
6:A,11:A,13.911384618362042
6:A,12:A,10.92898801353538
6:A,13:A,7.645933428954241
6:A,14:A,6.025376004864757
6:A,15:A,4.36080210511782
6:A,16:A,6.961392461282441
6:A,17:A,8.919129610001193
6:A,18:A,11.450103798656151
6:A,19:A,14.782127959126859
6:A,20:A,15.85971027478119
6:A,21:A,18.9742784579546
6:A,22:A,17.96469585047295
6:A,23:A,15.4004288901316
6:A,24:A,17.07180251174433
6:A,25:A,16.812371040397604
6:A,26:A,13.161295111044353
6:A,27:A,12.639324705062371
6:A,28:A,14.610244385361938
6:A,29:A,13.626748915276893
6:A,30:A,9.994416141025948
6:A,31:A,11.560011678194794
6:A,32:A,14.01997521395812
6:A,33:A,11.665692006906406
6:A,34:A,10.156121848422261
6:A,35:A,13.9014805326627
6:A,36:A,14.864273308843593
6:A,37:A,13.158916292765147
6:A,38:A,14.18020482926816
6:A,39:A,11.174844294217259
6:A,40:A,12.709059918026984
6:A,41:A,13.429995197318576
6:A,42:A,12.134640744579134
6:A,43:A,10.141211860522391
6:A,44:A,9.595839984076434
6:A,45:A,10.055627379731211
6:A,46:A,10.360471466106162
6:A,47:A,13.468450356295635
6:A,48:A,14.306143086101159
6:A,49:A,12.436631939556626
6:A,50:A,11.249587814671255
6:A,51:A,7.489487766196031
6:A,52:A,6.145693207442103
6:A,53:A,4.4654072602619355
6:A,54:A,6.281351208139854
6:A,55:A,8.322568894277776
6:A,56:A,11.414586676704506
7:A,1:A,19.377225317366776
7:A,2:A,15.922018747633732
7:A,3:A,12.926522927686316
7:A,4:A,9.856325481638683
7:A,5:A,6.3836514629168155
7:A,6:A,3.8067068445048404
7:A,7:A,0.0
7:A,8:A,3.801621364628519
7:A,9:A,5.560009712221734
7:A,10:A,9.09030841060962
7:A,11:A,10.423683945707488
7:A,12:A,7.512713358035163
7:A,13:A,4.944685530951385
7:A,14:A,4.692824416063315
7:A,15:A,5.423583132948181
7:A,16:A,8.297510711050634
7:A,17:A,11.081967153894656
7:A,18:A,13.106218524044225
7:A,19:A,16.692389343649996
7:A,20:A,17.696155316904292
7:A,21:A,21.015710456703573
7:A,22:A,19.956045349717964
7:A,23:A,17.26059381944897
7:A,24:A,18.192944016843455
7:A,25:A,17.721633361516087
7:A,26:A,14.41996699025348
7:A,27:A,13.186373193566151
7:A,28:A,14.402221287009862
7:A,29:A,13.749170265874229
7:A,30:A,9.948282917167163
7:A,31:A,10.431458239383408
7:A,32:A,12.698105370487363
7:A,33:A,10.23750648351443
7:A,34:A,7.770820420007144
7:A,35:A,11.290665436545359
7:A,36:A,12.26608291183457
7:A,37:A,9.970654692646818
7:A,38:A,10.704299790271197
7:A,39:A,7.76834345275748
7:A,40:A,9.938313388095589
7:A,41:A,11.106147216744427
7:A,42:A,10.789408927276787
7:A,43:A,9.801556458032572
7:A,44:A,10.606310291519856
7:A,45:A,12.157317837417922
7:A,46:A,13.305787612914914
7:A,47:A,16.542066315911082
7:A,48:A,17.693570838019102
7:A,49:A,16.12101153774167
7:A,50:A,14.729960047467882
7:A,51:A,11.02327201877918
7:A,52:A,8.809036723728651
7:A,53:A,6.202872640962411
7:A,54:A,5.487889393929144
7:A,55:A,6.304364361297656
7:A,56:A,8.492395186282844
8:A,1:A,22.48444987096638
8:A,2:A,19.17507486295686
8:A,3:A,15.891620118792169
8:A,4:A,12.817459849751822
8:A,5:A,9.536328486372522
8:A,6:A,6.226485525559345
8:A,7:A,3.801621364628519
8:A,8:A,0.0
8:A,9:A,3.793780831835173
8:A,10:A,6.312167773435683
8:A,11:A,8.652851668669701
8:A,12:A,6.907167074857822
8:A,13:A,4.937735310848486
8:A,14:A,6.958728763215306
8:A,15:A,8.627875114997897
8:A,16:A,11.91983343004423
8:A,17:A,14.647766416761295
8:A,18:A,16.76600873791971
8:A,19:A,20.254367356202465
8:A,20:A,20.998990166196087
8:A,21:A,24.122437293938603
8:A,22:A,22.67415491258715
8:A,23:A,19.62879043649914
8:A,24:A,20.508049078349703
8:A,25:A,20.5432162525735
8:A,26:A,17.331811013278447
8:A,27:A,15.582323414690121
8:A,28:A,17.006344492571003
8:A,29:A,16.950323241755598
8:A,30:A,13.20024424016465
8:A,31:A,12.995068141414265
8:A,32:A,15.567678857170714
8:A,33:A,13.463176965337714
8:A,34:A,10.389769246715732
8:A,35:A,13.361911577315574
8:A,36:A,14.656810191852797
8:A,37:A,11.761280117402187
8:A,38:A,11.573563366569523
8:A,39:A,8.387129723570515
8:A,40:A,10.308173359038934
8:A,41:A,10.471169036931835
8:A,42:A,10.030638065447283
8:A,43:A,10.172837558911477
8:A,44:A,10.958413799451087
8:A,45:A,13.265500442878135
8:A,46:A,14.296804852833377
8:A,47:A,17.910549209893038
8:A,48:A,18.675678675753662
8:A,49:A,17.58409588235915
8:A,50:A,16.822062834266195
8:A,51:A,13.053158276830938
8:A,52:A,10.979003278986667
8:A,53:A,7.518125697273224
8:A,54:A,6.0400765723623095
8:A,55:A,4.539840856241551
8:A,56:A,6.733234066925047
9:A,1:A,24.702511066691176
9:A,2:A,21.319530037034117
9:A,3:A,18.31095112221099
9:A,4:A,15.392217643991394
9:A,5:A,11.818349207905475
9:A,6:A,9.111153220092394
9:A,7:A,5.560009712221734
9:A,8:A,3.793780831835173
9:A,9:A,0.0
9:A,10:A,3.7956125987777
9:A,11:A,5.641887893249917
9:A,12:A,4.549401059480247
9:A,13:A,5.055358642074762
9:A,14:A,7.931705554292848
9:A,15:A,10.452484585016137
9:A,16:A,13.382779382475075
9:A,17:A,16.42854296643497
9:A,18:A,18.10688377385794
9:A,19:A,21.6942341187699
9:A,20:A,22.4269837695576
9:A,21:A,25.704460974702425
9:A,22:A,24.349516750851546
9:A,23:A,21.371096813219484
9:A,24:A,21.640924564352606
9:A,25:A,21.36600498455432
9:A,26:A,18.538510943438794
9:A,27:A,16.453905858488433
9:A,28:A,17.09068208118096
9:A,29:A,17.21162917913351
9:A,30:A,13.634817673881818
9:A,31:A,12.614739989393358
9:A,32:A,14.687111765081657
9:A,33:A,12.698676269595977
9:A,34:A,9.170661372005837
9:A,35:A,11.353712080196502
9:A,36:A,12.540590496463873
9:A,37:A,9.226404012398328
9:A,38:A,8.493473141183179
9:A,39:A,5.84639820744362
9:A,40:A,8.463136120847873
9:A,41:A,9.307424885541648
9:A,42:A,10.280106273769741
9:A,43:A,11.286736153556527
9:A,44:A,13.144577817488091
9:A,45:A,15.828197907531989
9:A,46:A,17.43756622926491
9:A,47:A,20.93054863112766
9:A,48:A,22.068594178152807
9:A,49:A,21.00191831714427
9:A,50:A,19.85159487295668
9:A,51:A,16.13805645051473
9:A,52:A,13.593096630275236
9:A,53:A,10.276758486993844
9:A,54:A,7.695435400287627
9:A,55:A,5.439669659087762
9:A,56:A,5.107975332751712
10:A,1:A,28.355677632530664
10:A,2:A,24.978998899075197
10:A,3:A,21.8803094128031
10:A,4:A,18.854013551496138
10:A,5:A,15.394447083282985
10:A,6:A,12.352993726218758
10:A,7:A,9.09030841060962
10:A,8:A,6.312167773435683
10:A,9:A,3.7956125987777
10:A,10:A,0.0
10:A,11:A,3.795071013828337
10:A,12:A,5.458938816290207
10:A,13:A,7.155289232448951
10:A,14:A,10.759170321172537
10:A,15:A,13.712357528886125
10:A,16:A,16.889765510509612
10:A,17:A,20.052501564642753
10:A,18:A,21.872411366833788
10:A,19:A,25.4749970951912
10:A,20:A,26.191866180171278
10:A,21:A,29.421324052462356
10:A,22:A,27.934397809868752
10:A,23:A,24.82305742651376
10:A,24:A,25.029080906018105
10:A,25:A,24.944401736662275
10:A,26:A,22.194397018166544
10:A,27:A,19.911462151233394
10:A,28:A,20.526706530761334
10:A,29:A,20.877573134825802
10:A,30:A,17.365929574888874
10:A,31:A,16.064985714279363
10:A,32:A,18.056471499160626
10:A,33:A,16.19509073762787
10:A,34:A,12.588461899692115
10:A,35:A,14.187127158096526
10:A,36:A,15.248843661078043
10:A,37:A,11.658829615360197
10:A,38:A,10.400485421363754
10:A,39:A,8.492380761600367
10:A,40:A,10.744353400740314
10:A,41:A,10.920481170717707
10:A,42:A,12.120122689147994
10:A,43:A,13.953234965412141
10:A,44:A,15.774166507299205
10:A,45:A,18.754924206725015
10:A,46:A,20.219553778459108
10:A,47:A,23.866156644922953
10:A,48:A,24.72045416249467
10:A,49:A,23.84717530442547
10:A,50:A,23.067106017010456
10:A,51:A,19.32189330785159
10:A,52:A,16.953899462955416
10:A,53:A,13.412918176146457
10:A,54:A,10.78960244865398
10:A,55:A,7.620367510822557
10:A,56:A,6.297733798756502
11:A,1:A,29.590705398824138
11:A,2:A,26.028795861506925
11:A,3:A,23.28204887891098
11:A,4:A,20.107212114064943
11:A,5:A,16.746869468649955
11:A,6:A,13.911384618362042
11:A,7:A,10.423683945707488
11:A,8:A,8.652851668669701
11:A,9:A,5.641887893249917
11:A,10:A,3.795071013828337
11:A,11:A,0.0
11:A,12:A,3.8142219390066976
11:A,13:A,7.098932314087802
11:A,14:A,10.612884716230552
11:A,15:A,14.107537878737025
11:A,16:A,17.09151751600776
11:A,17:A,20.594254805649076
11:A,18:A,22.436954583900196
11:A,19:A,26.164879839204307
11:A,20:A,27.280977878367924
11:A,21:A,30.73655714292022
11:A,22:A,29.650966274305464
11:A,23:A,26.824876663276573
11:A,24:A,26.932542601841366
11:A,25:A,26.348384580463375
11:A,26:A,23.66495119369571
11:A,27:A,21.66624778313033
11:A,28:A,21.77425188152282
11:A,29:A,21.682488418076
11:A,30:A,18.27113838817932
11:A,31:A,17.08292580326918
11:A,32:A,18.343362041894068
11:A,33:A,16.09642370217683
11:A,34:A,12.790744818031513
11:A,35:A,14.041241148844357
11:A,36:A,14.198384591213186
11:A,37:A,10.393331323497776
11:A,38:A,9.795415100954122
11:A,39:A,9.216752736186427
11:A,40:A,12.267895418530435
11:A,41:A,13.402935536665094
11:A,42:A,15.160052572468212
11:A,43:A,16.732400485286025
11:A,44:A,18.72721925433672
11:A,45:A,21.448911720644478
11:A,46:A,22.877074179186465
11:A,47:A,26.416500241326442
11:A,48:A,27.313996961265115
11:A,49:A,26.02676925782376
11:A,50:A,25.052446267779917
11:A,51:A,21.284913647933834
11:A,52:A,19.015674455564284
11:A,53:A,15.79180819285746
11:A,54:A,13.333156452993418
11:A,55:A,10.731443565522767
11:A,56:A,9.160115010195014
12:A,1:A,26.229231727216106
12:A,2:A,22.58585718984338
12:A,3:A,20.02226233471133
12:A,4:A,16.770094990786426
12:A,5:A,13.561823623687191
12:A,6:A,10.92898801353538
12:A,7:A,7.512713358035163
12:A,8:A,6.907167074857822
12:A,9:A,4.549401059480247
12:A,10:A,5.458938816290207
12:A,11:A,3.8142219390066976
12:A,12:A,0.0
12:A,13:A,3.8174500651612906
12:A,14:A,6.927997907043565
12:A,15:A,10.485962426024612
12:A,16:A,13.385914163776786
12:A,17:A,16.975800481862407
12:A,18:A,18.955114296674658
12:A,19:A,22.72969722631606
12:A,20:A,24.116848902789933
12:A,21:A,27.668900086559276
12:A,22:A,26.86826473741838
12:A,23:A,24.279692687511513
12:A,24:A,24.63505798653618
12:A,25:A,23.776947217841062
12:A,26:A,20.912602085823753
12:A,27:A,19.363337780455105
12:A,28:A,19.530641924934265
12:A,29:A,18.929555330223685
12:A,30:A,15.428026607443998
12:A,31:A,14.85697294202288
12:A,32:A,15.985946515611767
12:A,33:A,13.261431785444586
12:A,34:A,10.313080820007182
12:A,35:A,12.290822348402891
12:A,36:A,12.078125930789097
12:A,37:A,8.366256092183647
12:A,38:A,8.974108869408706
12:A,39:A,8.084461515772093
12:A,40:A,11.628874193145267
12:A,41:A,13.331358970487592
12:A,42:A,14.70608258510743
12:A,43:A,15.4129497825692
12:A,44:A,17.13443334341699
12:A,45:A,19.363372149499167
12:A,46:A,20.614548794480076
12:A,47:A,23.992113120773666
12:A,48:A,24.92701532474355
12:A,49:A,23.281073965777438
12:A,50:A,22.126475657004214
12:A,51:A,18.397180762279856
12:A,52:A,16.311403311793867
12:A,53:A,13.471625477276303
12:A,54:A,11.547580612405353
12:A,55:A,9.904074817972651
12:A,56:A,9.358239684898011
13:A,1:A,23.351227076965355
13:A,2:A,19.69511883690982
13:A,3:A,17.008758684865864
13:A,4:A,13.534432053100714
13:A,5:A,10.625415991856507
13:A,6:A,7.645933428954241
13:A,7:A,4.944685530951385
13:A,8:A,4.937735310848486
13:A,9:A,5.055358642074762
13:A,10:A,7.155289232448951
13:A,11:A,7.098932314087802
13:A,12:A,3.8174500651612906
13:A,13:A,0.0
13:A,14:A,3.8026135748981864
13:A,15:A,7.265019545741082
13:A,16:A,10.654049887249448
13:A,17:A,14.173421711075981
13:A,18:A,16.632354343267224
13:A,19:A,20.39590598625126
13:A,20:A,21.929227209366044
13:A,21:A,25.420589548631636
13:A,22:A,24.668408156993028
13:A,23:A,22.130435513111802
13:A,24:A,23.016401173945503
13:A,25:A,22.279968177715155
13:A,26:A,19.053602152873875
13:A,27:A,17.91820239309736
13:A,28:A,18.674078852784145
13:A,29:A,17.762149194283893
13:A,30:A,14.054066386637
13:A,31:A,14.304548018025594
13:A,32:A,15.833663979003722
13:A,33:A,12.850471742313585
13:A,34:A,10.296206145954924
13:A,35:A,13.227930941761073
13:A,36:A,13.18538664582878
13:A,37:A,9.969610223072914
13:A,38:A,11.097044155990368
13:A,39:A,9.2520511779821
13:A,40:A,12.45680304090901
13:A,41:A,13.84472249631606
13:A,42:A,14.275259647375945
13:A,43:A,14.196560358058566
13:A,44:A,15.158131184285217
13:A,45:A,16.891335234373866
13:A,46:A,17.63686239102636
13:A,47:A,20.987110544331728
13:A,48:A,21.64163612114389
13:A,49:A,19.78620231373368
13:A,50:A,18.8517305306436
13:A,51:A,15.107477651812033
13:A,52:A,13.502594824699436
13:A,53:A,10.860598786438988
13:A,54:A,9.899973181781856
13:A,55:A,9.041501479289819
13:A,56:A,10.012020924868265
14:A,1:A,20.19850326138053
14:A,2:A,16.451549410313913
14:A,3:A,14.1197577174681
14:A,4:A,10.590492009344986
14:A,5:A,8.173351515749216
14:A,6:A,6.025376004864757
14:A,7:A,4.692824416063315
14:A,8:A,6.958728763215306
14:A,9:A,7.931705554292848
14:A,10:A,10.759170321172537
14:A,11:A,10.612884716230552
14:A,12:A,6.927997907043565
14:A,13:A,3.8026135748981864
14:A,14:A,0.0
14:A,15:A,3.798306333091106
14:A,16:A,7.048092011317673
14:A,17:A,10.689702755455832
14:A,18:A,13.3875881696443
14:A,19:A,17.155434445096397
14:A,20:A,19.074462141827222
14:A,21:A,22.644887171279965
14:A,22:A,22.311042400569274
14:A,23:A,20.177819852501408
14:A,24:A,21.346529108967573
14:A,25:A,20.253205375939878
14:A,26:A,16.900025828382628
14:A,27:A,16.470624183679256
14:A,28:A,17.24960767669804
14:A,29:A,15.676031449317776
14:A,30:A,12.080979513267954
14:A,31:A,13.266540694544302
14:A,32:A,14.48014064158218
14:A,33:A,11.124643185289134
14:A,34:A,9.58340289250118
14:A,35:A,12.991394574871475
14:A,36:A,12.546315833741794
14:A,37:A,10.14710608991549
14:A,38:A,12.199304775273056
14:A,39:A,10.48186133279772
14:A,40:A,13.526580351293523
14:A,41:A,15.317076059091695
14:A,42:A,15.419094461089472
14:A,43:A,14.396996422865431
14:A,44:A,14.956830580039343
14:A,45:A,15.882787727599963
14:A,46:A,16.363756323045145
14:A,47:A,19.325582086964417
14:A,48:A,20.054037648314115
14:A,49:A,17.724122714537945
14:A,50:A,16.494694359096197
14:A,51:A,12.95071901478833
14:A,52:A,11.755340275806565
14:A,53:A,10.078471213433115
14:A,54:A,10.14524918373127
14:A,55:A,10.693122135279294
14:A,56:A,12.292320732880347
15:A,1:A,16.46756779248229
15:A,2:A,12.723383551555774
15:A,3:A,10.455218649076642
15:A,4:A,6.904531700267586
15:A,5:A,5.119378477901394
15:A,6:A,4.36080210511782
15:A,7:A,5.423583132948181
15:A,8:A,8.627875114997897
15:A,9:A,10.452484585016137
15:A,10:A,13.712357528886125
15:A,11:A,14.107537878737025
15:A,12:A,10.485962426024612
15:A,13:A,7.265019545741082
15:A,14:A,3.798306333091106
15:A,15:A,0.0
15:A,16:A,3.8054889304792345
15:A,17:A,7.097457713857829
15:A,18:A,10.124477171686447
15:A,19:A,13.779196493264765
15:A,20:A,15.79810852602298
15:A,21:A,19.28764786074238
15:A,22:A,19.11952577863792
15:A,23:A,17.243359910411893
15:A,24:A,18.815609105208367
15:A,25:A,17.687401929056737
15:A,26:A,14.15074407937618
15:A,27:A,14.36617255917525
15:A,28:A,15.536660065792777
15:A,29:A,13.590388405045678
15:A,30:A,10.165169403408878
15:A,31:A,12.304062621752214
15:A,32:A,13.654025560251453
15:A,33:A,10.4652616307477
15:A,34:A,9.856675504448749
15:A,35:A,13.583568382424406
15:A,36:A,13.406055870389322
15:A,37:A,11.932812618993058
15:A,38:A,14.067839564055314
15:A,39:A,12.025659150333505
15:A,40:A,14.391462017460213
15:A,41:A,16.06448642191838
15:A,42:A,15.546828647669596
15:A,43:A,13.624257961445092
15:A,44:A,13.556097889879668
15:A,45:A,13.6243918396382
15:A,46:A,13.800383690318178
15:A,47:A,16.35401712118463
15:A,48:A,17.172772781353626
15:A,49:A,14.57488624312382
15:A,50:A,13.072389108345881
15:A,51:A,9.765637920791454
15:A,52:A,9.039840595939731
15:A,53:A,8.493925653077026
15:A,54:A,9.77220885982284
15:A,55:A,11.565698681878237
15:A,56:A,13.874420852777963
16:A,1:A,13.6962265241197
16:A,2:A,9.88998286146139
16:A,3:A,8.521773700351353
16:A,4:A,5.788629889706199
16:A,5:A,5.246429833705965
16:A,6:A,6.961392461282441
16:A,7:A,8.297510711050634
16:A,8:A,11.91983343004423
16:A,9:A,13.382779382475075
16:A,10:A,16.889765510509612
16:A,11:A,17.09151751600776
16:A,12:A,13.385914163776786
16:A,13:A,10.654049887249448
16:A,14:A,7.048092011317673
16:A,15:A,3.8054889304792345
16:A,16:A,0.0
16:A,17:A,3.8112465152493082
16:A,18:A,6.701404628881918
16:A,19:A,10.360143724871772
16:A,20:A,12.820122659319605
16:A,21:A,16.42999409616449
16:A,22:A,16.84512315182053
16:A,23:A,15.610882454236853
16:A,24:A,17.16862673599726
16:A,25:A,15.475580538383689
16:A,26:A,12.121602699313321
16:A,27:A,13.188831714750172
16:A,28:A,14.015784744351635
16:A,29:A,11.350828824363443
16:A,30:A,8.58271501332766
16:A,31:A,11.56070140605664
16:A,32:A,12.241075279565926
16:A,33:A,9.14341703084793
16:A,34:A,9.964812793023258
16:A,35:A,13.444160739890012
16:A,36:A,12.976911882262282
16:A,37:A,12.596080144235348
16:A,38:A,15.126707705247696
16:A,39:A,13.520798349210006
16:A,40:A,15.534393357965415
16:A,41:A,17.595409799149323
16:A,42:A,17.142564598099085
16:A,43:A,14.678159182949338
16:A,44:A,14.620837116936908
16:A,45:A,13.980675269814402
16:A,46:A,14.286504261015008
16:A,47:A,16.08331389981555
16:A,48:A,17.335536940054666
16:A,49:A,14.501656353672155
16:A,50:A,12.275947010312484
16:A,51:A,9.732653594986314
16:A,52:A,9.17907119484319
16:A,53:A,10.015153967862899
16:A,54:A,11.56694142805262
16:A,55:A,14.088341776092742
16:A,56:A,16.251108639105208
17:A,1:A,9.924675762965762
17:A,2:A,6.122924219684577
17:A,3:A,5.516051033121431
17:A,4:A,4.302945502792245
17:A,5:A,5.8456317023911115
17:A,6:A,8.919129610001193
17:A,7:A,11.081967153894656
17:A,8:A,14.647766416761295
17:A,9:A,16.42854296643497
17:A,10:A,20.052501564642753
17:A,11:A,20.594254805649076
17:A,12:A,16.975800481862407
17:A,13:A,14.173421711075981
17:A,14:A,10.689702755455832
17:A,15:A,7.097457713857829
17:A,16:A,3.8112465152493082
17:A,17:A,0.0
17:A,18:A,3.8207402424137653
17:A,19:A,6.975488656717894
17:A,20:A,9.631903705914008
17:A,21:A,13.064360145066425
17:A,22:A,13.831577422694782
17:A,23:A,13.166017583157029
17:A,24:A,15.13626056858166
17:A,25:A,13.38196491551222
17:A,26:A,10.080941424291682
17:A,27:A,12.123176893867383
17:A,28:A,13.280950191910216
17:A,29:A,10.3403831166935
17:A,30:A,8.501807631321705
17:A,31:A,12.13530325125829
17:A,32:A,12.822713129443395
17:A,33:A,10.523972396391013
17:A,34:A,12.070312257766988
17:A,35:A,15.310982006390054
17:A,36:A,15.191774945673727
17:A,37:A,15.488826004575039
17:A,38:A,17.80122282316583
17:A,39:A,16.04651301685198
17:A,40:A,17.385963102457108
17:A,41:A,19.210747356623063
17:A,42:A,18.307412515153526
17:A,43:A,15.252356572018634
17:A,44:A,14.660849293270838
17:A,45:A,13.094072895779984
17:A,46:A,13.144041844120856
17:A,47:A,14.082677373283818
17:A,48:A,15.559766097213672
17:A,49:A,12.638041501751765
17:A,50:A,9.910909292289988
17:A,51:A,8.425778658379297
17:A,52:A,8.557052997381751
17:A,53:A,10.766136772306025
17:A,54:A,12.994719465998486
17:A,55:A,16.13088881618121
17:A,56:A,18.586547931232413
18:A,1:A,8.55309096175178
18:A,2:A,5.361473398236719
18:A,3:A,6.024498236367908
18:A,4:A,6.888268577806763
18:A,5:A,7.855043093452767
18:A,6:A,11.450103798656151
18:A,7:A,13.106218524044225
18:A,8:A,16.76600873791971
18:A,9:A,18.10688377385794
18:A,10:A,21.872411366833788
18:A,11:A,22.436954583900196
18:A,12:A,18.955114296674658
18:A,13:A,16.632354343267224
18:A,14:A,13.3875881696443
18:A,15:A,10.124477171686447
18:A,16:A,6.701404628881918
18:A,17:A,3.8207402424137653
18:A,18:A,0.0
18:A,19:A,3.8097115376364092
18:A,20:A,6.39016220451406
18:A,21:A,10.082755079838051
18:A,22:A,11.240678538237805
18:A,23:A,11.175466835886546
18:A,24:A,12.625252472723071
18:A,25:A,10.26497174862162
18:A,26:A,7.542696865180251
18:A,27:A,10.235423879840052
18:A,28:A,10.819149596895313
18:A,29:A,7.493630562017321
18:A,30:A,7.019260431128054
18:A,31:A,10.798108213941921
18:A,32:A,10.943711436254159
18:A,33:A,9.558249787487247
18:A,34:A,11.949755227618681
18:A,35:A,14.553566779315647
18:A,36:A,14.645373399131891
18:A,37:A,15.820027149154958
18:A,38:A,17.947401093194525
18:A,39:A,16.491078921647304
18:A,40:A,17.26148884076921
18:A,41:A,19.27487717211189
18:A,42:A,18.56339163515116
18:A,43:A,15.33783977618752
18:A,44:A,15.134583905743824
18:A,45:A,13.424579285772795
18:A,46:A,14.177797995457546
18:A,47:A,14.501886980665656
18:A,48:A,16.718456657239624
18:A,49:A,14.287099670681942
18:A,50:A,10.8965452782063
18:A,51:A,10.191446511658686
18:A,52:A,9.590085922451374
18:A,53:A,12.216248401207304
18:A,54:A,13.996752409041177
18:A,55:A,17.41806814775967
18:A,56:A,19.52740627938078
19:A,1:A,6.017877782075671
19:A,2:A,4.4229737733791685
19:A,3:A,6.975745766582954
19:A,4:A,9.36212871092894
19:A,5:A,11.040164672684913
19:A,6:A,14.782127959126859
19:A,7:A,16.692389343649996
19:A,8:A,20.254367356202465
19:A,9:A,21.6942341187699
19:A,10:A,25.4749970951912
19:A,11:A,26.164879839204307
19:A,12:A,22.72969722631606
19:A,13:A,20.39590598625126
19:A,14:A,17.155434445096397
19:A,15:A,13.779196493264765
19:A,16:A,10.360143724871772
19:A,17:A,6.975488656717894
19:A,18:A,3.8097115376364092
19:A,19:A,0.0
19:A,20:A,3.8144599879930583
19:A,21:A,7.004055967794661
19:A,22:A,9.176473505655647
19:A,23:A,10.373815354053688
19:A,24:A,11.94091696646451
19:A,25:A,9.41791500280184
19:A,26:A,7.669226166961045
19:A,27:A,11.217343446645467
19:A,28:A,11.784474107909949
19:A,29:A,8.634448737470157
19:A,30:A,9.579675829588389
19:A,31:A,13.142217963494593
19:A,32:A,13.070660809614791
19:A,33:A,12.510767082797122
19:A,34:A,15.18750868312509
19:A,35:A,17.381846449672718
19:A,36:A,17.606398098418655
19:A,37:A,19.205953894560924
19:A,38:A,21.19077964587429
19:A,39:A,19.782893569950783
19:A,40:A,20.114233244148284
19:A,41:A,21.95078012281113
19:A,42:A,21.023126908240837
19:A,43:A,17.562462384301355
19:A,44:A,17.06339866497879
19:A,45:A,14.764532806695916
19:A,46:A,15.354170703753427
19:A,47:A,14.710817924235213
19:A,48:A,17.10646605818981
19:A,49:A,14.892022998907837
19:A,50:A,11.340684503150593
19:A,51:A,11.880810241730149
19:A,52:A,11.76751995961766
19:A,53:A,14.941529941742914
19:A,54:A,16.928153886351577
19:A,55:A,20.539794400139453
19:A,56:A,22.708978004304818
20:A,1:A,6.125946947207435
20:A,2:A,6.103654970589341
20:A,3:A,7.7298479933307895
20:A,4:A,10.836558909543195
20:A,5:A,12.06468155402371
20:A,6:A,15.85971027478119
20:A,7:A,17.696155316904292
20:A,8:A,20.998990166196087
20:A,9:A,22.4269837695576
20:A,10:A,26.191866180171278
20:A,11:A,27.280977878367924
20:A,12:A,24.116848902789933
20:A,13:A,21.929227209366044
20:A,14:A,19.074462141827222
20:A,15:A,15.79810852602298
20:A,16:A,12.820122659319605
20:A,17:A,9.631903705914008
20:A,18:A,6.39016220451406
20:A,19:A,3.8144599879930583
20:A,20:A,0.0
20:A,21:A,3.8114061709558054
20:A,22:A,5.549966936838455
20:A,23:A,7.222799872625575
20:A,24:A,8.540451100498146
20:A,25:A,6.256412230663834
20:A,26:A,5.358299450385356
20:A,27:A,9.154736642853251
20:A,28:A,9.98668758898565
20:A,29:A,7.775863810535778
20:A,30:A,9.550002513088675
20:A,31:A,12.56395701998379
20:A,32:A,12.92305370258903
20:A,33:A,13.382793056757622
20:A,34:A,15.777434677411916
20:A,35:A,17.626643951699936
20:A,36:A,18.56986346207209
20:A,37:A,20.30810217622513
20:A,38:A,21.691715123521238
20:A,39:A,20.058351602262835
20:A,40:A,19.65834270735964
20:A,41:A,21.106556351048837
20:A,42:A,19.94980942264863
20:A,43:A,16.379819901329807
20:A,44:A,15.859113752035453
20:A,45:A,13.413707690269682
20:A,46:A,14.494978751277976
20:A,47:A,13.373856324934856
20:A,48:A,16.347198475579845
20:A,49:A,14.934840072796227
20:A,50:A,11.181876318400235
20:A,51:A,12.191625363338558
20:A,52:A,11.5967197517229
20:A,53:A,14.912989572852252
20:A,54:A,16.71870392703932
20:A,55:A,20.463508276930426
20:A,56:A,22.583141787625564
21:A,1:A,6.380269351681012
21:A,2:A,8.312547684073763
21:A,3:A,10.145903064784326
21:A,4:A,13.718879764762136
21:A,5:A,15.243262774091379
21:A,6:A,18.9742784579546
21:A,7:A,21.015710456703573
21:A,8:A,24.122437293938603
21:A,9:A,25.704460974702425
21:A,10:A,29.421324052462356
21:A,11:A,30.73655714292022
21:A,12:A,27.668900086559276
21:A,13:A,25.420589548631636
21:A,14:A,22.644887171279965
21:A,15:A,19.28764786074238
21:A,16:A,16.42999409616449
21:A,17:A,13.064360145066425
21:A,18:A,10.082755079838051
21:A,19:A,7.004055967794661
21:A,20:A,3.8114061709558054
21:A,21:A,0.0
21:A,22:A,3.816525383120093
21:A,23:A,7.21967513119531
21:A,24:A,8.578691392048087
21:A,25:A,7.216742963415007
21:A,26:A,7.667897104160956
21:A,27:A,11.162324578688795
21:A,28:A,12.208894380737348
21:A,29:A,10.805062933643653
21:A,30:A,12.9265712777983
21:A,31:A,15.548071423813308
21:A,32:A,16.036530235683777
21:A,33:A,16.94820288408184
21:A,34:A,19.236000519858592
21:A,35:A,20.88534993721676
21:A,36:A,22.064726556202775
21:A,37:A,23.894146417062068
21:A,38:A,25.04058142296221
21:A,39:A,23.297701817990543
21:A,40:A,22.501603387314425
21:A,41:A,23.593307779961673
21:A,42:A,22.14461995609769
21:A,43:A,18.507746189096068
21:A,44:A,17.6458747020373
21:A,45:A,14.824382516651411
21:A,46:A,15.701431208651012
21:A,47:A,13.71344639395947
21:A,48:A,16.737228115790263
21:A,49:A,15.868661096639503
21:A,50:A,12.357359143441611
21:A,51:A,14.260855654553131
21:A,52:A,14.034402231659174
21:A,53:A,17.5216336281752
21:A,54:A,19.4617775652688
21:A,55:A,23.244055283018064
21:A,56:A,25.45122209246542
22:A,1:A,8.149224441626334
22:A,2:A,9.58557609119035
22:A,3:A,10.00104639525285
22:A,4:A,13.475748661948248
22:A,5:A,14.4868767510461
22:A,6:A,17.96469585047295
22:A,7:A,19.956045349717964
22:A,8:A,22.67415491258715
22:A,9:A,24.349516750851546
22:A,10:A,27.934397809868752
22:A,11:A,29.650966274305464
22:A,12:A,26.86826473741838
22:A,13:A,24.668408156993028
22:A,14:A,22.311042400569274
22:A,15:A,19.11952577863792
22:A,16:A,16.84512315182053
22:A,17:A,13.831577422694782
22:A,18:A,11.240678538237805
22:A,19:A,9.176473505655647
22:A,20:A,5.549966936838455
22:A,21:A,3.816525383120093
22:A,22:A,0.0
22:A,23:A,3.8192450824737687
22:A,24:A,5.529675397344767
22:A,25:A,5.877580539643842
22:A,26:A,6.300863909020732
22:A,27:A,9.009623632538709
22:A,28:A,10.850281655330427
22:A,29:A,10.56891484495925
22:A,30:A,12.312969300700786
22:A,31:A,14.393836493443992
22:A,32:A,15.661945153779591
22:A,33:A,16.912971619440505
22:A,34:A,18.553858951711366
22:A,35:A,20.209558728482918
22:A,36:A,21.997883716394178
22:A,37:A,23.51537584220163
22:A,38:A,24.12700138848589
22:A,39:A,22.0065151716486
22:A,40:A,20.73515259167388
22:A,41:A,21.299578728228408
22:A,42:A,19.51843162244344
22:A,43:A,15.89690677458983
22:A,44:A,14.875698437384377
22:A,45:A,12.079997806291193
22:A,46:A,13.351650759363054
22:A,47:A,11.321036083327359
22:A,48:A,14.74998884745341
22:A,49:A,14.644837076594607
22:A,50:A,11.229087273683467
22:A,51:A,13.040516630870114
22:A,52:A,12.385353850415418
22:A,53:A,15.693245011787717
22:A,54:A,17.499611995698647
22:A,55:A,21.225559356587052
22:A,56:A,23.48077635002727
23:A,1:A,9.849572884140715
23:A,2:A,10.143085230835833
23:A,3:A,9.080167399337967
23:A,4:A,11.973082936320118
23:A,5:A,12.286615848149564
23:A,6:A,15.4004288901316
23:A,7:A,17.26059381944897
23:A,8:A,19.62879043649914
23:A,9:A,21.371096813219484
23:A,10:A,24.82305742651376
23:A,11:A,26.824876663276573
23:A,12:A,24.279692687511513
23:A,13:A,22.130435513111802
23:A,14:A,20.177819852501408
23:A,15:A,17.243359910411893
23:A,16:A,15.610882454236853
23:A,17:A,13.166017583157029
23:A,18:A,11.175466835886546
23:A,19:A,10.373815354053688
23:A,20:A,7.222799872625575
23:A,21:A,7.21967513119531
23:A,22:A,3.8192450824737687
23:A,23:A,0.0
23:A,24:A,3.813516356330465
23:A,25:A,5.756181199371686
23:A,26:A,4.875376805950491
23:A,27:A,6.321543561504579
23:A,28:A,9.187970668216133
23:A,29:A,9.718381346705838
23:A,30:A,10.567877648799689
23:A,31:A,12.211639939009011
23:A,32:A,14.291933214229628
23:A,33:A,15.504724957250936
23:A,34:A,16.425512746943397
23:A,35:A,18.252978195352124
23:A,36:A,20.469213687877705
23:A,37:A,21.52904438195063
23:A,38:A,21.74793022335689
23:A,39:A,19.265038463496513
23:A,40:A,17.77668242389451
23:A,41:A,17.94330797261196
23:A,42:A,15.89607869884897
23:A,43:A,12.264500234416404
23:A,44:A,11.152897964206433
23:A,45:A,8.54963098618882
23:A,46:A,10.421961955409357
23:A,47:A,9.03803789547267
23:A,48:A,12.771906905392006
23:A,49:A,13.073570973532824
23:A,50:A,9.764368694390848
23:A,51:A,10.869879162161833
23:A,52:A,9.566997177798267
23:A,53:A,12.534495362797818
23:A,54:A,14.181797805638043
23:A,55:A,17.825169536360658
23:A,56:A,20.150585376112527
24:A,1:A,12.780521624722523
24:A,2:A,12.897431100804532
24:A,3:A,12.031953914472911
24:A,4:A,14.537263979167468
24:A,5:A,14.082855179259639
24:A,6:A,17.07180251174433
24:A,7:A,18.192944016843455
24:A,8:A,20.508049078349703
24:A,9:A,21.640924564352606
24:A,10:A,25.029080906018105
24:A,11:A,26.932542601841366
24:A,12:A,24.63505798653618
24:A,13:A,23.016401173945503
24:A,14:A,21.346529108967573
24:A,15:A,18.815609105208367
24:A,16:A,17.16862673599726
24:A,17:A,15.13626056858166
24:A,18:A,12.625252472723071
24:A,19:A,11.94091696646451
24:A,20:A,8.540451100498146
24:A,21:A,8.578691392048087
24:A,22:A,5.529675397344767
24:A,23:A,3.813516356330465
24:A,24:A,0.0
24:A,25:A,3.8022847079091804
24:A,26:A,5.1993557293187775
24:A,27:A,5.307883382290912
24:A,28:A,7.051339589042639
24:A,29:A,8.695874596611892
24:A,30:A,10.381311140698944
24:A,31:A,11.035904720502076
24:A,32:A,12.804165728386995
24:A,33:A,14.891431731032446
24:A,34:A,15.86042666513105
24:A,35:A,16.91984308437877
24:A,36:A,19.42138125880855
24:A,37:A,20.876606501057587
24:A,38:A,20.725599388196233
24:A,39:A,18.603772628152605
24:A,40:A,16.62586421813916
24:A,41:A,16.93305282576063
24:A,42:A,15.42801247730893
24:A,43:A,12.220518687846274
24:A,44:A,12.189748397731595
24:A,45:A,10.621250820877925
24:A,46:A,13.317334718328588
24:A,47:A,12.442285401002502
24:A,48:A,16.240509875000846
24:A,49:A,16.678082054001294
24:A,50:A,13.349419275758777
24:A,51:A,13.878354153140782
24:A,52:A,11.761129367539498
24:A,53:A,14.065182721884561
24:A,54:A,14.762178362287864
24:A,55:A,18.17225109885949
24:A,56:A,19.853878311302303
25:A,1:A,11.788113419881912
25:A,2:A,11.548687631068734
25:A,3:A,11.43474765790658
25:A,4:A,13.87171168241324
25:A,5:A,13.48310361155769
25:A,6:A,16.812371040397604
25:A,7:A,17.721633361516087
25:A,8:A,20.5432162525735
25:A,9:A,21.36600498455432
25:A,10:A,24.944401736662275
25:A,11:A,26.348384580463375
25:A,12:A,23.776947217841062
25:A,13:A,22.279968177715155
25:A,14:A,20.253205375939878
25:A,15:A,17.687401929056737
25:A,16:A,15.475580538383689
25:A,17:A,13.38196491551222
25:A,18:A,10.26497174862162
25:A,19:A,9.41791500280184
25:A,20:A,6.256412230663834
25:A,21:A,7.216742963415007
25:A,22:A,5.877580539643842
25:A,23:A,5.756181199371686
25:A,24:A,3.8022847079091804
25:A,25:A,0.0
25:A,26:A,3.8057809973775463
25:A,27:A,5.414721507150668
25:A,28:A,5.456579972840132
25:A,29:A,5.835597827129625
25:A,30:A,8.554015080650723
25:A,31:A,9.722398572368856
25:A,32:A,10.47796320856301
25:A,33:A,12.568672085785355
25:A,34:A,14.338625143297387
25:A,35:A,15.225300029884469
25:A,36:A,17.19545442842381
25:A,37:A,19.13999127481515
25:A,38:A,19.50734346342423
25:A,39:A,17.91281465878548
25:A,40:A,16.44628541647019
25:A,41:A,17.592505307658712
25:A,42:A,16.72500923766561
25:A,43:A,13.56141843613713
25:A,44:A,14.011209833558272
25:A,45:A,12.55824629476584
25:A,46:A,15.075195554287182
25:A,47:A,14.432092121380046
25:A,48:A,18.075367271510697
25:A,49:A,17.73187057250306
25:A,50:A,14.058990788815532
25:A,51:A,14.345893175400407
25:A,52:A,12.231869889759293
25:A,53:A,14.659224058591915
25:A,54:A,15.268841377131404
25:A,55:A,18.755514842307047
25:A,56:A,20.210683833062156
26:A,1:A,10.038238939176532
26:A,2:A,8.883423495477405
26:A,3:A,7.993008132111464
26:A,4:A,10.140410642572617
26:A,5:A,9.753635117226807
26:A,6:A,13.161295111044353
26:A,7:A,14.41996699025348
26:A,8:A,17.331811013278447
26:A,9:A,18.538510943438794
26:A,10:A,22.194397018166544
26:A,11:A,23.66495119369571
26:A,12:A,20.912602085823753
26:A,13:A,19.053602152873875
26:A,14:A,16.900025828382628
26:A,15:A,14.15074407937618
26:A,16:A,12.121602699313321
26:A,17:A,10.080941424291682
26:A,18:A,7.542696865180251
26:A,19:A,7.669226166961045
26:A,20:A,5.358299450385356
26:A,21:A,7.667897104160956
26:A,22:A,6.300863909020732
26:A,23:A,4.875376805950491
26:A,24:A,5.1993557293187775
26:A,25:A,3.8057809973775463
26:A,26:A,0.0
26:A,27:A,3.8080842952854943
26:A,28:A,5.590286396956779
26:A,29:A,4.964826180240352
26:A,30:A,6.068159605679469
26:A,31:A,8.224197772427411
26:A,32:A,9.75138062019938
26:A,33:A,10.816067076345265
26:A,34:A,12.256261828143197
26:A,35:A,14.019582946721348
26:A,36:A,15.87486699156878
26:A,37:A,17.23929450412632
26:A,38:A,17.85843346993235
26:A,39:A,15.842525556236291
26:A,40:A,14.86421612463974
26:A,41:A,15.980326216945635
26:A,42:A,14.797782164905659
26:A,43:A,11.321890345697577
26:A,44:A,11.352726809009367
26:A,45:A,9.700229533366723
26:A,46:A,11.97788595704601
26:A,47:A,11.83007007587022
26:A,48:A,15.264128307898881
26:A,49:A,14.544823168399127
26:A,50:A,10.860779852294218
26:A,51:A,10.697470635622237
26:A,52:A,8.57130935155184
26:A,53:A,11.21193297339937
26:A,54:A,12.306230210750977
26:A,55:A,15.983664848838641
26:A,56:A,17.896583584583958
27:A,1:A,13.574735098704505
27:A,2:A,12.142450617564808
27:A,3:A,10.346410826948638
27:A,4:A,11.570845690786824
27:A,5:A,9.986077608350538
27:A,6:A,12.639324705062371
27:A,7:A,13.186373193566151
27:A,8:A,15.582323414690121
27:A,9:A,16.453905858488433
27:A,10:A,19.911462151233394
27:A,11:A,21.66624778313033
27:A,12:A,19.363337780455105
27:A,13:A,17.91820239309736
27:A,14:A,16.470624183679256
27:A,15:A,14.36617255917525
27:A,16:A,13.188831714750172
27:A,17:A,12.123176893867383
27:A,18:A,10.235423879840052
27:A,19:A,11.217343446645467
27:A,20:A,9.154736642853251
27:A,21:A,11.162324578688795
27:A,22:A,9.009623632538709
27:A,23:A,6.321543561504579
27:A,24:A,5.307883382290912
27:A,25:A,5.414721507150668
27:A,26:A,3.8080842952854943
27:A,27:A,0.0
27:A,28:A,3.826215623824669
27:A,29:A,5.630429202112392
27:A,30:A,5.744151373353595
27:A,31:A,6.0880495234516605
27:A,32:A,8.675706887625932
27:A,33:A,10.299843542501021
27:A,34:A,10.711458630830817
27:A,35:A,12.141997941030956
27:A,36:A,14.753211921476625
27:A,37:A,15.789905161209804
27:A,38:A,15.648597061717707
27:A,39:A,13.390626945740816
27:A,40:A,11.758325773680538
27:A,41:A,12.519432814628622
27:A,42:A,11.412437907826707
27:A,43:A,8.197998963161682
27:A,44:A,9.088571614945883
27:A,45:A,8.624356497733613
27:A,46:A,11.830124175172465
27:A,47:A,12.478033739335697
27:A,48:A,15.96818051626421
27:A,49:A,15.793520031962476
27:A,50:A,12.491470409843672
27:A,51:A,11.541040767625768
27:A,52:A,8.429020465036254
27:A,53:A,9.926323438212155
27:A,54:A,10.020393704840144
27:A,55:A,13.423875744359377
27:A,56:A,14.980255872314064
28:A,1:A,15.428864734645902
28:A,2:A,13.909633532196311
28:A,3:A,12.805083248460354
28:A,4:A,13.832764076640649
28:A,5:A,12.002293530821515
28:A,6:A,14.610244385361938
28:A,7:A,14.402221287009862
28:A,8:A,17.006344492571003
28:A,9:A,17.09068208118096
28:A,10:A,20.526706530761334
28:A,11:A,21.77425188152282
28:A,12:A,19.530641924934265
28:A,13:A,18.674078852784145
28:A,14:A,17.24960767669804
28:A,15:A,15.536660065792777
28:A,16:A,14.015784744351635
28:A,17:A,13.280950191910216
28:A,18:A,10.819149596895313
28:A,19:A,11.784474107909949
28:A,20:A,9.98668758898565
28:A,21:A,12.208894380737348
28:A,22:A,10.850281655330427
28:A,23:A,9.187970668216133
28:A,24:A,7.051339589042639
28:A,25:A,5.456579972840132
28:A,26:A,5.590286396956779
28:A,27:A,3.826215623824669
28:A,28:A,0.0
28:A,29:A,3.8167018484550237
28:A,30:A,5.511239515753239
28:A,31:A,4.74866602321115
28:A,32:A,5.900900100832077
28:A,33:A,8.63356687586307
28:A,34:A,9.71698008642603
28:A,35:A,10.086046400845081
28:A,36:A,12.586790059423413
28:A,37:A,14.39600225757137
28:A,38:A,14.303908836398533
28:A,39:A,12.919953173289755
28:A,40:A,11.314507545624778
28:A,41:A,12.944833795765783
28:A,42:A,12.942584324623889
28:A,43:A,10.476260449225192
28:A,44:A,12.296530242308194
28:A,45:A,12.341725446630225
28:A,46:A,15.535012133886474
28:A,47:A,16.209075667662237
28:A,48:A,19.675052503106567
28:A,49:A,19.217294320481226
28:A,50:A,15.76065522115118
28:A,51:A,14.677391798272607
28:A,52:A,11.518152542834288
28:A,53:A,12.617985695030724
28:A,54:A,11.959753509165648
28:A,55:A,14.949076024958867
28:A,56:A,15.682104259314182
29:A,1:A,13.240035271856339
29:A,2:A,11.334746137430693
29:A,3:A,10.867666906930852
29:A,4:A,11.861642845744429
29:A,5:A,10.550444398223233
29:A,6:A,13.626748915276893
29:A,7:A,13.749170265874229
29:A,8:A,16.950323241755598
29:A,9:A,17.21162917913351
29:A,10:A,20.877573134825802
29:A,11:A,21.682488418076
29:A,12:A,18.929555330223685
29:A,13:A,17.762149194283893
29:A,14:A,15.676031449317776
29:A,15:A,13.590388405045678
29:A,16:A,11.350828824363443
29:A,17:A,10.3403831166935
29:A,18:A,7.493630562017321
29:A,19:A,8.634448737470157
29:A,20:A,7.775863810535778
29:A,21:A,10.805062933643653
29:A,22:A,10.56891484495925
29:A,23:A,9.718381346705838
29:A,24:A,8.695874596611892
29:A,25:A,5.835597827129625
29:A,26:A,4.964826180240352
29:A,27:A,5.630429202112392
29:A,28:A,3.8167018484550237
29:A,29:A,0.0
29:A,30:A,3.802317451239441
29:A,31:A,5.465958836288469
29:A,32:A,5.246824849373192
29:A,33:A,6.805859240389856
29:A,34:A,9.137363350551405
29:A,35:A,10.14423604812112
29:A,36:A,11.576312236632182
29:A,37:A,13.643606268138933
29:A,38:A,14.56546810095714
29:A,39:A,13.471797615760119
29:A,40:A,12.925886352587199
29:A,41:A,15.111217323564636
29:A,42:A,15.138038248069002
29:A,43:A,12.396936153743797
29:A,44:A,13.71915409199853
29:A,45:A,13.188834899262329
29:A,46:A,15.735111661504025
29:A,47:A,16.30632457054624
29:A,48:A,19.514006815618362
29:A,49:A,18.346674848593135
29:A,50:A,14.725223258069807
29:A,51:A,13.6828405311178
29:A,52:A,11.056160771262327
29:A,53:A,12.67849099853764
29:A,54:A,12.67801076667787
29:A,55:A,15.888865818553569
29:A,56:A,16.933364786716194
30:A,1:A,13.801847629937088
30:A,2:A,11.104153817378432
30:A,3:A,9.599013595156537
30:A,4:A,9.454357989837279
30:A,5:A,7.291172813752256
30:A,6:A,9.994416141025948
30:A,7:A,9.948282917167163
30:A,8:A,13.20024424016465
30:A,9:A,13.634817673881818
30:A,10:A,17.365929574888874
30:A,11:A,18.27113838817932
30:A,12:A,15.428026607443998
30:A,13:A,14.054066386637
30:A,14:A,12.080979513267954
30:A,15:A,10.165169403408878
30:A,16:A,8.58271501332766
30:A,17:A,8.501807631321705
30:A,18:A,7.019260431128054
30:A,19:A,9.579675829588389
30:A,20:A,9.550002513088675
30:A,21:A,12.9265712777983
30:A,22:A,12.312969300700786
30:A,23:A,10.567877648799689
30:A,24:A,10.381311140698944
30:A,25:A,8.554015080650723
30:A,26:A,6.068159605679469
30:A,27:A,5.744151373353595
30:A,28:A,5.511239515753239
30:A,29:A,3.802317451239441
30:A,30:A,0.0
30:A,31:A,3.8045725121227476
30:A,32:A,5.246547912675535
30:A,33:A,5.029288418852113
30:A,34:A,6.3346539763431435
30:A,35:A,8.563058390551825
30:A,36:A,10.110117556190927
30:A,37:A,11.216061251615915
30:A,38:A,12.213188977494783
30:A,39:A,10.558370376151805
30:A,40:A,10.571440299221294
30:A,41:A,12.75816652187923
30:A,42:A,12.682384791512991
30:A,43:A,10.003820870047605
30:A,44:A,11.355591089855253
30:A,45:A,11.304998452012278
30:A,46:A,13.731977752676414
30:A,47:A,15.10230250657164
30:A,48:A,17.934416466671003
30:A,49:A,16.581830417658963
30:A,50:A,13.298650984216406
30:A,51:A,11.381678127587337
30:A,52:A,8.428141016855378
30:A,53:A,9.407925488650513
30:A,54:A,9.319532445353682
30:A,55:A,12.501249337566225
30:A,56:A,13.809921107667487
31:A,1:A,17.241313349046237
31:A,2:A,14.770950003300397
31:A,3:A,13.001234633679989
31:A,4:A,12.657520807804346
31:A,5:A,9.818234922836181
31:A,6:A,11.560011678194794
31:A,7:A,10.431458239383408
31:A,8:A,12.995068141414265
31:A,9:A,12.614739989393358
31:A,10:A,16.064985714279363
31:A,11:A,17.08292580326918
31:A,12:A,14.85697294202288
31:A,13:A,14.304548018025594
31:A,14:A,13.266540694544302
31:A,15:A,12.304062621752214
31:A,16:A,11.56070140605664
31:A,17:A,12.13530325125829
31:A,18:A,10.798108213941921
31:A,19:A,13.142217963494593
31:A,20:A,12.56395701998379
31:A,21:A,15.548071423813308
31:A,22:A,14.393836493443992
31:A,23:A,12.211639939009011
31:A,24:A,11.035904720502076
31:A,25:A,9.722398572368856
31:A,26:A,8.224197772427411
31:A,27:A,6.0880495234516605
31:A,28:A,4.74866602321115
31:A,29:A,5.465958836288469
31:A,30:A,3.8045725121227476
31:A,31:A,0.0
31:A,32:A,3.8022158013453176
31:A,33:A,5.279755865568029
31:A,34:A,5.09243134465257
31:A,35:A,6.0682027817138735
31:A,36:A,8.825498116253836
31:A,37:A,9.920250299261607
31:A,38:A,9.838938408182056
31:A,39:A,8.32118194729571
31:A,40:A,7.46242065284449
31:A,41:A,9.893710173640624
31:A,42:A,10.594800611620778
31:A,43:A,8.763939981537984
31:A,44:A,11.283406444864069
31:A,45:A,12.311630192626806
31:A,46:A,15.380223437908827
31:A,47:A,17.074965680785425
31:A,48:A,20.043783624854864
31:A,49:A,19.20177470964598
31:A,50:A,16.116689672510294
31:A,51:A,13.967719534698569
31:A,52:A,10.465839908960962
31:A,53:A,10.347486941281925
31:A,54:A,8.839168795763547
31:A,55:A,11.347741405231263
31:A,56:A,11.744061180017752
32:A,1:A,18.09775679469696
32:A,2:A,15.652553178315673
32:A,3:A,14.703760437384718
32:A,4:A,14.490632284341496
32:A,5:A,12.052219629595207
32:A,6:A,14.01997521395812
32:A,7:A,12.698105370487363
32:A,8:A,15.567678857170714
32:A,9:A,14.687111765081657
32:A,10:A,18.056471499160626
32:A,11:A,18.343362041894068
32:A,12:A,15.985946515611767
32:A,13:A,15.833663979003722
32:A,14:A,14.48014064158218
32:A,15:A,13.654025560251453
32:A,16:A,12.241075279565926
32:A,17:A,12.822713129443395
32:A,18:A,10.943711436254159
32:A,19:A,13.070660809614791
32:A,20:A,12.92305370258903
32:A,21:A,16.036530235683777
32:A,22:A,15.661945153779591
32:A,23:A,14.291933214229628
32:A,24:A,12.804165728386995
32:A,25:A,10.47796320856301
32:A,26:A,9.75138062019938
32:A,27:A,8.675706887625932
32:A,28:A,5.900900100832077
32:A,29:A,5.246824849373192
32:A,30:A,5.246547912675535
32:A,31:A,3.8022158013453176
32:A,32:A,0.0
32:A,33:A,3.8067964221901835
32:A,34:A,5.71008738987417
32:A,35:A,5.2102969205219045
32:A,36:A,6.847599433378095
32:A,37:A,9.318743423874274
32:A,38:A,9.989120782130929
32:A,39:A,9.89074557351467
32:A,40:A,9.710523415346879
32:A,41:A,12.805267119431754
32:A,42:A,14.12002652263798
32:A,43:A,12.553473822014368
32:A,44:A,15.029370645506086
32:A,45:A,15.754554547812516
32:A,46:A,18.613061865260107
32:A,47:A,20.019496647018876
32:A,48:A,23.01212265307136
32:A,49:A,21.81406117622301
32:A,50:A,18.51244692092323
32:A,51:A,16.577907165863852
32:A,52:A,13.428435500831808
32:A,53:A,13.639377735072815
32:A,54:A,12.278790738505156
32:A,55:A,14.51577700297163
32:A,56:A,14.43879468653807
33:A,1:A,17.661254938423827
33:A,2:A,14.632993747008847
33:A,3:A,13.56630944656652
33:A,4:A,12.538241144594403
33:A,5:A,10.023241042696718
33:A,6:A,11.665692006906406
33:A,7:A,10.23750648351443
33:A,8:A,13.463176965337714
33:A,9:A,12.698676269595977
33:A,10:A,16.19509073762787
33:A,11:A,16.09642370217683
33:A,12:A,13.261431785444586
33:A,13:A,12.850471742313585
33:A,14:A,11.124643185289134
33:A,15:A,10.4652616307477
33:A,16:A,9.14341703084793
33:A,17:A,10.523972396391013
33:A,18:A,9.558249787487247
33:A,19:A,12.510767082797122
33:A,20:A,13.382793056757622
33:A,21:A,16.94820288408184
33:A,22:A,16.912971619440505
33:A,23:A,15.504724957250936
33:A,24:A,14.891431731032446
33:A,25:A,12.568672085785355
33:A,26:A,10.816067076345265
33:A,27:A,10.299843542501021
33:A,28:A,8.63356687586307
33:A,29:A,6.805859240389856
33:A,30:A,5.029288418852113
33:A,31:A,5.279755865568029
33:A,32:A,3.8067964221901835
33:A,33:A,0.0
33:A,34:A,3.8077327899945903
33:A,35:A,5.23487277782374
33:A,36:A,5.322773431210465
33:A,37:A,7.117451791196058
33:A,38:A,9.026909825626932
33:A,39:A,8.882162067875141
33:A,40:A,10.109827990623776
33:A,41:A,13.39169522502659
33:A,42:A,14.58860534801048
33:A,43:A,12.990569733464348
33:A,44:A,15.09260656745547
33:A,45:A,15.755960332521784
33:A,46:A,18.07042276760563
33:A,47:A,19.82644902648984
33:A,48:A,22.364387896832767
33:A,49:A,20.661052296531267
33:A,50:A,17.606194364484335
33:A,51:A,15.250201342933147
33:A,52:A,12.458963159107581
33:A,53:A,12.44332648450566
33:A,54:A,11.402679904303199
33:A,55:A,13.50900251684039
33:A,56:A,13.74917550255287
34:A,1:A,19.673901926155878
34:A,2:A,16.51436747199238
34:A,3:A,14.619982113532151
34:A,4:A,12.981404931670532
34:A,5:A,9.65952669647949
34:A,6:A,10.156121848422261
34:A,7:A,7.770820420007144
34:A,8:A,10.389769246715732
34:A,9:A,9.170661372005837
34:A,10:A,12.588461899692115
34:A,11:A,12.790744818031513
34:A,12:A,10.313080820007182
34:A,13:A,10.296206145954924
34:A,14:A,9.58340289250118
34:A,15:A,9.856675504448749
34:A,16:A,9.964812793023258
34:A,17:A,12.070312257766988
34:A,18:A,11.949755227618681
34:A,19:A,15.18750868312509
34:A,20:A,15.777434677411916
34:A,21:A,19.236000519858592
34:A,22:A,18.553858951711366
34:A,23:A,16.425512746943397
34:A,24:A,15.86042666513105
34:A,25:A,14.338625143297387
34:A,26:A,12.256261828143197
34:A,27:A,10.711458630830817
34:A,28:A,9.71698008642603
34:A,29:A,9.137363350551405
34:A,30:A,6.3346539763431435
34:A,31:A,5.09243134465257
34:A,32:A,5.71008738987417
34:A,33:A,3.8077327899945903
34:A,34:A,0.0
34:A,35:A,3.8109046170168064
34:A,36:A,5.359863244524063
34:A,37:A,5.126044966638508
34:A,38:A,6.055966149178841
34:A,39:A,5.117165817129634
34:A,40:A,6.816460298424689
34:A,41:A,10.144314269579782
34:A,42:A,11.659017668740365
34:A,43:A,10.778227358893483
34:A,44:A,13.312324139683499
34:A,45:A,14.816254891165986
34:A,46:A,17.28787858587629
34:A,47:A,19.644579303207284
34:A,48:A,21.98294559425556
34:A,49:A,20.582442056276996
34:A,50:A,17.940759989476476
34:A,51:A,15.045552432529687
34:A,52:A,11.884652708430314
34:A,53:A,10.736359951119374
34:A,54:A,8.778075529408481
34:A,55:A,10.170701549057467
34:A,56:A,10.027509660927782
35:A,1:A,22.245075567414915
35:A,2:A,19.35199506510892
35:A,3:A,17.77392531209693
35:A,4:A,16.53634004246405
35:A,5:A,13.320040465403999
35:A,6:A,13.9014805326627
35:A,7:A,11.290665436545359
35:A,8:A,13.361911577315574
35:A,9:A,11.353712080196502
35:A,10:A,14.187127158096526
35:A,11:A,14.041241148844357
35:A,12:A,12.290822348402891
35:A,13:A,13.227930941761073
35:A,14:A,12.991394574871475
35:A,15:A,13.583568382424406
35:A,16:A,13.444160739890012
35:A,17:A,15.310982006390054
35:A,18:A,14.553566779315647
35:A,19:A,17.381846449672718
35:A,20:A,17.626643951699936
35:A,21:A,20.88534993721676
35:A,22:A,20.209558728482918
35:A,23:A,18.252978195352124
35:A,24:A,16.91984308437877
35:A,25:A,15.225300029884469
35:A,26:A,14.019582946721348
35:A,27:A,12.141997941030956
35:A,28:A,10.086046400845081
35:A,29:A,10.14423604812112
35:A,30:A,8.563058390551825
35:A,31:A,6.0682027817138735
35:A,32:A,5.2102969205219045
35:A,33:A,5.23487277782374
35:A,34:A,3.8109046170168064
35:A,35:A,0.0
35:A,36:A,3.809141635591934
35:A,37:A,5.093474354504987
35:A,38:A,4.881578023549357
35:A,39:A,5.937742500311038
35:A,40:A,6.741329913303457
35:A,41:A,10.503457621183607
35:A,42:A,12.922201089597701
35:A,43:A,12.681641573550326
35:A,44:A,15.779732190376363
35:A,45:A,17.53409669757755
35:A,46:A,20.38846472886078
35:A,47:A,22.57149321600146
35:A,48:A,25.184669046862616
35:A,49:A,24.010689473649023
35:A,50:A,21.19453337537772
35:A,51:A,18.513783459898196
35:A,52:A,15.16948126997097
35:A,53:A,14.046631304337707
35:A,54:A,11.604539973648244
35:A,55:A,12.489843794059235
35:A,56:A,11.289534534248965
36:A,1:A,22.927370782538496
36:A,2:A,19.820608391267914
36:A,3:A,18.690876838714658
36:A,4:A,17.18505949946057
36:A,5:A,14.303510967591139
36:A,6:A,14.864273308843593
36:A,7:A,12.26608291183457
36:A,8:A,14.656810191852797
36:A,9:A,12.540590496463873
36:A,10:A,15.248843661078043
36:A,11:A,14.198384591213186
36:A,12:A,12.078125930789097
36:A,13:A,13.18538664582878
36:A,14:A,12.546315833741794
36:A,15:A,13.406055870389322
36:A,16:A,12.976911882262282
36:A,17:A,15.191774945673727
36:A,18:A,14.645373399131891
36:A,19:A,17.606398098418655
36:A,20:A,18.56986346207209
36:A,21:A,22.064726556202775
36:A,22:A,21.997883716394178
36:A,23:A,20.469213687877705
36:A,24:A,19.42138125880855
36:A,25:A,17.19545442842381
36:A,26:A,15.87486699156878
36:A,27:A,14.753211921476625
36:A,28:A,12.586790059423413
36:A,29:A,11.576312236632182
36:A,30:A,10.110117556190927
36:A,31:A,8.825498116253836
36:A,32:A,6.847599433378095
36:A,33:A,5.322773431210465
36:A,34:A,5.359863244524063
36:A,35:A,3.809141635591934
36:A,36:A,0.0
36:A,37:A,3.8199571987130994
36:A,38:A,6.003484654765098
36:A,39:A,8.141293877511117
36:A,40:A,10.112534647653872
36:A,41:A,13.900234026806888
36:A,42:A,16.25460836193847
36:A,43:A,15.845550447996434
36:A,44:A,18.60390980412451
36:A,45:A,20.030270966714355
36:A,46:A,22.487893053818983
36:A,47:A,24.6313744236898
36:A,48:A,27.033642355405973
36:A,49:A,25.37723304460122
36:A,50:A,22.568790065043363
36:A,51:A,19.86320371944063
36:A,52:A,16.945809216440505
36:A,53:A,16.031799244002528
36:A,54:A,14.041956986118423
36:A,55:A,14.869119207269812
36:A,56:A,13.796399747760283
37:A,1:A,24.04275445950401
37:A,2:A,20.670022012566893
37:A,3:A,18.978474754310472
37:A,4:A,16.8216411506131
37:A,5:A,13.584891497542408
37:A,6:A,13.158916292765147
37:A,7:A,9.970654692646818
37:A,8:A,11.761280117402187
37:A,9:A,9.226404012398328
37:A,10:A,11.658829615360197
37:A,11:A,10.393331323497776
37:A,12:A,8.366256092183647
37:A,13:A,9.969610223072914
37:A,14:A,10.14710608991549
37:A,15:A,11.932812618993058
37:A,16:A,12.596080144235348
37:A,17:A,15.488826004575039
37:A,18:A,15.820027149154958
37:A,19:A,19.205953894560924
37:A,20:A,20.30810217622513
37:A,21:A,23.894146417062068
37:A,22:A,23.51537584220163
37:A,23:A,21.52904438195063
37:A,24:A,20.876606501057587
37:A,25:A,19.13999127481515
37:A,26:A,17.23929450412632
37:A,27:A,15.789905161209804
37:A,28:A,14.39600225757137
37:A,29:A,13.643606268138933
37:A,30:A,11.216061251615915
37:A,31:A,9.920250299261607
37:A,32:A,9.318743423874274
37:A,33:A,7.117451791196058
37:A,34:A,5.126044966638508
37:A,35:A,5.093474354504987
37:A,36:A,3.8199571987130994
37:A,37:A,0.0
37:A,38:A,3.8107701321386487
37:A,39:A,5.842443581242354
37:A,40:A,8.9481467354978
37:A,41:A,12.486010451701535
37:A,42:A,14.878268918123506
37:A,43:A,14.971042649060886
37:A,44:A,17.665587592831436
37:A,45:A,19.51427134176421
37:A,46:A,21.747474221159568
37:A,47:A,24.367145524250475
37:A,48:A,26.39170100618753
37:A,49:A,24.750583225451475
37:A,50:A,22.385059124335587
37:A,51:A,19.241201755607676
37:A,52:A,16.385777827128013
37:A,53:A,14.727405542049826
37:A,54:A,12.451597206784356
37:A,55:A,12.49960691381933
37:A,56:A,11.23403769799621
38:A,1:A,25.715205210147555
38:A,2:A,22.532162989824123
38:A,3:A,20.46010862630011
38:A,4:A,18.471474061373662
38:A,5:A,14.894086141821527
38:A,6:A,14.18020482926816
38:A,7:A,10.704299790271197
38:A,8:A,11.573563366569523
38:A,9:A,8.493473141183179
38:A,10:A,10.400485421363754
38:A,11:A,9.795415100954122
38:A,12:A,8.974108869408706
38:A,13:A,11.097044155990368
38:A,14:A,12.199304775273056
38:A,15:A,14.067839564055314
38:A,16:A,15.126707705247696
38:A,17:A,17.80122282316583
38:A,18:A,17.947401093194525
38:A,19:A,21.19077964587429
38:A,20:A,21.691715123521238
38:A,21:A,25.04058142296221
38:A,22:A,24.12700138848589
38:A,23:A,21.74793022335689
38:A,24:A,20.725599388196233
38:A,25:A,19.50734346342423
38:A,26:A,17.85843346993235
38:A,27:A,15.648597061717707
38:A,28:A,14.303908836398533
38:A,29:A,14.56546810095714
38:A,30:A,12.213188977494783
38:A,31:A,9.838938408182056
38:A,32:A,9.989120782130929
38:A,33:A,9.026909825626932
38:A,34:A,6.055966149178841
38:A,35:A,4.881578023549357
38:A,36:A,6.003484654765098
38:A,37:A,3.8107701321386487
38:A,38:A,0.0
38:A,39:A,3.8220703813509296
38:A,40:A,6.258787821934849
38:A,41:A,9.682988898062417
38:A,42:A,12.690853123411365
38:A,43:A,13.608516193913282
38:A,44:A,16.797400751306736
38:A,45:A,19.23777583298028
38:A,46:A,21.862432481313693
38:A,47:A,24.633581753370745
38:A,48:A,26.793705884031795
38:A,49:A,25.660077649921483
38:A,50:A,23.382546931418744
38:A,51:A,20.19203144807377
38:A,52:A,16.93849739498755
38:A,53:A,14.798547597652956
38:A,54:A,11.763291716182168
38:A,55:A,11.129833871177054
38:A,56:A,8.906276550837621
39:A,1:A,23.656600114978485
39:A,2:A,20.514472086797653
39:A,3:A,17.987153054332975
39:A,4:A,15.928251881484044
39:A,5:A,12.176967684937003
39:A,6:A,11.174844294217259
39:A,7:A,7.76834345275748
39:A,8:A,8.387129723570515
39:A,9:A,5.84639820744362
39:A,10:A,8.492380761600367
39:A,11:A,9.216752736186427
39:A,12:A,8.084461515772093
39:A,13:A,9.2520511779821
39:A,14:A,10.48186133279772
39:A,15:A,12.025659150333505
39:A,16:A,13.520798349210006
39:A,17:A,16.04651301685198
39:A,18:A,16.491078921647304
39:A,19:A,19.782893569950783
39:A,20:A,20.058351602262835
39:A,21:A,23.297701817990543
39:A,22:A,22.0065151716486
39:A,23:A,19.265038463496513
39:A,24:A,18.603772628152605
39:A,25:A,17.91281465878548
39:A,26:A,15.842525556236291
39:A,27:A,13.390626945740816
39:A,28:A,12.919953173289755
39:A,29:A,13.471797615760119
39:A,30:A,10.558370376151805
39:A,31:A,8.32118194729571
39:A,32:A,9.89074557351467
39:A,33:A,8.882162067875141
39:A,34:A,5.117165817129634
39:A,35:A,5.937742500311038
39:A,36:A,8.141293877511117
39:A,37:A,5.842443581242354
39:A,38:A,3.8220703813509296
39:A,39:A,0.0
39:A,40:A,3.819217851864435
39:A,41:A,6.810188984161894
39:A,42:A,9.251836844648743
39:A,43:A,10.098446662729867
39:A,44:A,13.159783204901212
39:A,45:A,15.783194005016856
39:A,46:A,18.36697100776282
39:A,47:A,21.310787643820206
39:A,48:A,23.35668925597119
39:A,49:A,22.442914806236736
39:A,50:A,20.37986974933844
39:A,51:A,17.092635548680022
39:A,52:A,13.765490764952771
39:A,53:A,11.280493295951201
39:A,54:A,8.038008086584638
39:A,55:A,7.384162376329492
39:A,56:A,5.659587970868548
40:A,1:A,23.661956343464077
40:A,2:A,20.933224357465814
40:A,3:A,18.317835625422564
40:A,4:A,16.891011366996352
40:A,5:A,13.204136132288246
40:A,6:A,12.709059918026984
40:A,7:A,9.938313388095589
40:A,8:A,10.308173359038934
40:A,9:A,8.463136120847873
40:A,10:A,10.744353400740314
40:A,11:A,12.267895418530435
40:A,12:A,11.628874193145267
40:A,13:A,12.45680304090901
40:A,14:A,13.526580351293523
40:A,15:A,14.391462017460213
40:A,16:A,15.534393357965415
40:A,17:A,17.385963102457108
40:A,18:A,17.26148884076921
40:A,19:A,20.114233244148284
40:A,20:A,19.65834270735964
40:A,21:A,22.501603387314425
40:A,22:A,20.73515259167388
40:A,23:A,17.77668242389451
40:A,24:A,16.62586421813916
40:A,25:A,16.44628541647019
40:A,26:A,14.86421612463974
40:A,27:A,11.758325773680538
40:A,28:A,11.314507545624778
40:A,29:A,12.925886352587199
40:A,30:A,10.571440299221294
40:A,31:A,7.46242065284449
40:A,32:A,9.710523415346879
40:A,33:A,10.109827990623776
40:A,34:A,6.816460298424689
40:A,35:A,6.741329913303457
40:A,36:A,10.112534647653872
40:A,37:A,8.9481467354978
40:A,38:A,6.258787821934849
40:A,39:A,3.819217851864435
40:A,40:A,0.0
40:A,41:A,3.8085224168960847
40:A,42:A,6.806245220383999
40:A,43:A,8.100766753832627
40:A,44:A,11.72603637210801
40:A,45:A,14.636238246216136
40:A,46:A,17.752653688955913
40:A,47:A,20.47399743577204
40:A,48:A,22.87924941950675
40:A,49:A,22.53432160061625
40:A,50:A,20.338653790258586
40:A,51:A,17.385711000704
40:A,52:A,13.716776625723698
40:A,53:A,11.406868194206506
40:A,54:A,7.848969677607374
40:A,55:A,7.520068151286928
40:A,56:A,5.624604963906356
41:A,1:A,24.708207644424554
41:A,2:A,22.21915266161156
41:A,3:A,19.219676298002526
41:A,4:A,17.896169478410737
41:A,5:A,14.301944762863545
41:A,6:A,13.429995197318576
41:A,7:A,11.106147216744427
41:A,8:A,10.471169036931835
41:A,9:A,9.307424885541648
41:A,10:A,10.920481170717707
41:A,11:A,13.402935536665094
41:A,12:A,13.331358970487592
41:A,13:A,13.84472249631606
41:A,14:A,15.317076059091695
41:A,15:A,16.06448642191838
41:A,16:A,17.595409799149323
41:A,17:A,19.210747356623063
41:A,18:A,19.27487717211189
41:A,19:A,21.95078012281113
41:A,20:A,21.106556351048837
41:A,21:A,23.593307779961673
41:A,22:A,21.299578728228408
41:A,23:A,17.94330797261196
41:A,24:A,16.93305282576063
41:A,25:A,17.592505307658712
41:A,26:A,15.980326216945635
41:A,27:A,12.519432814628622
41:A,28:A,12.944833795765783
41:A,29:A,15.111217323564636
41:A,30:A,12.75816652187923
41:A,31:A,9.893710173640624
41:A,32:A,12.805267119431754
41:A,33:A,13.39169522502659
41:A,34:A,10.144314269579782
41:A,35:A,10.503457621183607
41:A,36:A,13.900234026806888
41:A,37:A,12.486010451701535
41:A,38:A,9.682988898062417
41:A,39:A,6.810188984161894
41:A,40:A,3.8085224168960847
41:A,41:A,0.0
41:A,42:A,3.811076619539418
41:A,43:A,6.628845223717325
41:A,44:A,10.196119359834897
41:A,45:A,13.657525288279718
41:A,46:A,16.810031350357438
41:A,47:A,19.66735752458881
41:A,48:A,21.918910305943587
41:A,49:A,22.14928922110143
41:A,50:A,20.35746912069376
41:A,51:A,17.484291235277453
41:A,52:A,13.876546616503688
41:A,53:A,11.190846482728642
41:A,54:A,7.524678730683455
41:A,55:A,6.454668852853723
41:A,56:A,4.701079663226306
42:A,1:A,22.90894606916695
42:A,2:A,20.65587635516828
42:A,3:A,17.370176452759484
42:A,4:A,16.24533979330688
42:A,5:A,12.972516679503636
42:A,6:A,12.134640744579134
42:A,7:A,10.789408927276787
42:A,8:A,10.030638065447283
42:A,9:A,10.280106273769741
42:A,10:A,12.120122689147994
42:A,11:A,15.160052572468212
42:A,12:A,14.70608258510743
42:A,13:A,14.275259647375945
42:A,14:A,15.419094461089472
42:A,15:A,15.546828647669596
42:A,16:A,17.142564598099085
42:A,17:A,18.307412515153526
42:A,18:A,18.56339163515116
42:A,19:A,21.023126908240837
42:A,20:A,19.94980942264863
42:A,21:A,22.14461995609769
42:A,22:A,19.51843162244344
42:A,23:A,15.89607869884897
42:A,24:A,15.42801247730893
42:A,25:A,16.72500923766561
42:A,26:A,14.797782164905659
42:A,27:A,11.412437907826707
42:A,28:A,12.942584324623889
42:A,29:A,15.138038248069002
42:A,30:A,12.682384791512991
42:A,31:A,10.594800611620778
42:A,32:A,14.12002652263798
42:A,33:A,14.58860534801048
42:A,34:A,11.659017668740365
42:A,35:A,12.922201089597701
42:A,36:A,16.25460836193847
42:A,37:A,14.878268918123506
42:A,38:A,12.690853123411365
42:A,39:A,9.251836844648743
42:A,40:A,6.806245220383999
42:A,41:A,3.811076619539418
42:A,42:A,0.0
42:A,43:A,3.8126804219603856
42:A,44:A,6.8303148536505995
42:A,45:A,10.519046059410522
42:A,46:A,13.585299739056182
42:A,47:A,16.481688293375772
42:A,48:A,18.59858344068171
42:A,49:A,19.20901725752778
42:A,50:A,17.721616799829523
42:A,51:A,15.031623764583786
42:A,52:A,11.620158217511499
42:A,53:A,8.952145776292967
42:A,54:A,5.883328734653538
42:A,55:A,5.551737295658002
42:A,56:A,6.110533610086767
43:A,1:A,19.1463754794478
43:A,2:A,17.03056240997343
43:A,3:A,13.769045210180698
43:A,4:A,13.052968589558468
43:A,5:A,10.11613172116694
43:A,6:A,10.141211860522391
43:A,7:A,9.801556458032572
43:A,8:A,10.172837558911477
43:A,9:A,11.286736153556527
43:A,10:A,13.953234965412141
43:A,11:A,16.732400485286025
43:A,12:A,15.4129497825692
43:A,13:A,14.196560358058566
43:A,14:A,14.396996422865431
43:A,15:A,13.624257961445092
43:A,16:A,14.678159182949338
43:A,17:A,15.252356572018634
43:A,18:A,15.33783977618752
43:A,19:A,17.562462384301355
43:A,20:A,16.379819901329807
43:A,21:A,18.507746189096068
43:A,22:A,15.89690677458983
43:A,23:A,12.264500234416404
43:A,24:A,12.220518687846274
43:A,25:A,13.56141843613713
43:A,26:A,11.321890345697577
43:A,27:A,8.197998963161682
43:A,28:A,10.476260449225192
43:A,29:A,12.396936153743797
43:A,30:A,10.003820870047605
43:A,31:A,8.763939981537984
43:A,32:A,12.553473822014368
43:A,33:A,12.990569733464348
43:A,34:A,10.778227358893483
43:A,35:A,12.681641573550326
43:A,36:A,15.845550447996434
43:A,37:A,14.971042649060886
43:A,38:A,13.608516193913282
43:A,39:A,10.098446662729867
43:A,40:A,8.100766753832627
43:A,41:A,6.628845223717325
43:A,42:A,3.8126804219603856
43:A,43:A,0.0
43:A,44:A,3.8153386481412106
43:A,45:A,7.055526486379312
43:A,46:A,10.40667694319373
43:A,47:A,13.06396253056476
43:A,48:A,15.493337600401018
43:A,49:A,15.967572514317887
43:A,50:A,14.155260718192372
43:A,51:A,11.709513269132923
43:A,52:A,8.186367753772121
43:A,53:A,6.305865047715501
43:A,54:A,4.398551238760327
43:A,55:A,6.538804401417738
43:A,56:A,8.499616991370845
44:A,1:A,17.48038543625397
44:A,2:A,15.634699645340168
44:A,3:A,12.101963683634157
44:A,4:A,11.597715723365528
44:A,5:A,9.476882715323642
44:A,6:A,9.595839984076434
44:A,7:A,10.606310291519856
44:A,8:A,10.958413799451087
44:A,9:A,13.144577817488091
44:A,10:A,15.774166507299205
44:A,11:A,18.72721925433672
44:A,12:A,17.13443334341699
44:A,13:A,15.158131184285217
44:A,14:A,14.956830580039343
44:A,15:A,13.556097889879668
44:A,16:A,14.620837116936908
44:A,17:A,14.660849293270838
44:A,18:A,15.134583905743824
44:A,19:A,17.06339866497879
44:A,20:A,15.859113752035453
44:A,21:A,17.6458747020373
44:A,22:A,14.875698437384377
44:A,23:A,11.152897964206433
44:A,24:A,12.189748397731595
44:A,25:A,14.011209833558272
44:A,26:A,11.352726809009367
44:A,27:A,9.088571614945883
44:A,28:A,12.296530242308194
44:A,29:A,13.71915409199853
44:A,30:A,11.355591089855253
44:A,31:A,11.283406444864069
44:A,32:A,15.029370645506086
44:A,33:A,15.09260656745547
44:A,34:A,13.312324139683499
44:A,35:A,15.779732190376363
44:A,36:A,18.60390980412451
44:A,37:A,17.665587592831436
44:A,38:A,16.797400751306736
44:A,39:A,13.159783204901212
44:A,40:A,11.72603637210801
44:A,41:A,10.196119359834897
44:A,42:A,6.8303148536505995
44:A,43:A,3.8153386481412106
44:A,44:A,0.0
44:A,45:A,3.819418149404436
44:A,46:A,6.829503788709689
44:A,47:A,9.680493685757975
44:A,48:A,11.83390869493254
44:A,49:A,12.657924355912387
44:A,50:A,11.327467016063212
44:A,51:A,9.16969127070263
44:A,52:A,6.36916430938942
44:A,53:A,5.141450670773766
44:A,54:A,5.679400672606222
44:A,55:A,8.201977932181968
44:A,56:A,11.17585227175091
45:A,1:A,14.211473252270503
45:A,2:A,12.802949894457917
45:A,3:A,9.373015203231027
45:A,4:A,9.749319207001072
45:A,5:A,8.866743539767011
45:A,6:A,10.055627379731211
45:A,7:A,12.157317837417922
45:A,8:A,13.265500442878135
45:A,9:A,15.828197907531989
45:A,10:A,18.754924206725015
45:A,11:A,21.448911720644478
45:A,12:A,19.363372149499167
45:A,13:A,16.891335234373866
45:A,14:A,15.882787727599963
45:A,15:A,13.6243918396382
45:A,16:A,13.980675269814402
45:A,17:A,13.094072895779984
45:A,18:A,13.424579285772795
45:A,19:A,14.764532806695916
45:A,20:A,13.413707690269682
45:A,21:A,14.824382516651411
45:A,22:A,12.079997806291193
45:A,23:A,8.54963098618882
45:A,24:A,10.621250820877925
45:A,25:A,12.55824629476584
45:A,26:A,9.700229533366723
45:A,27:A,8.624356497733613
45:A,28:A,12.341725446630225
45:A,29:A,13.188834899262329
45:A,30:A,11.304998452012278
45:A,31:A,12.311630192626806
45:A,32:A,15.754554547812516
45:A,33:A,15.755960332521784
45:A,34:A,14.816254891165986
45:A,35:A,17.53409669757755
45:A,36:A,20.030270966714355
45:A,37:A,19.51427134176421
45:A,38:A,19.23777583298028
45:A,39:A,15.783194005016856
45:A,40:A,14.636238246216136
45:A,41:A,13.657525288279718
45:A,42:A,10.519046059410522
45:A,43:A,7.055526486379312
45:A,44:A,3.819418149404436
45:A,45:A,0.0
45:A,46:A,3.821507686764481
45:A,47:A,6.011606191360178
45:A,48:A,8.6599750577008
45:A,49:A,9.51481213687375
45:A,50:A,7.902088711220597
45:A,51:A,6.666450404825645
45:A,52:A,4.829784777813603
45:A,53:A,6.0325321383313
45:A,54:A,8.291455541700746
45:A,55:A,11.417888815363371
45:A,56:A,14.60057372160423
46:A,1:A,13.627912129156101
46:A,2:A,12.378799012828345
46:A,3:A,8.923150732784917
46:A,4:A,9.15530534717439
46:A,5:A,9.46188173673715
46:A,6:A,10.360471466106162
46:A,7:A,13.305787612914914
46:A,8:A,14.296804852833377
46:A,9:A,17.43756622926491
46:A,10:A,20.219553778459108
46:A,11:A,22.877074179186465
46:A,12:A,20.614548794480076
46:A,13:A,17.63686239102636
46:A,14:A,16.363756323045145
46:A,15:A,13.800383690318178
46:A,16:A,14.286504261015008
46:A,17:A,13.144041844120856
46:A,18:A,14.177797995457546
46:A,19:A,15.354170703753427
46:A,20:A,14.494978751277976
46:A,21:A,15.701431208651012
46:A,22:A,13.351650759363054
46:A,23:A,10.421961955409357
46:A,24:A,13.317334718328588
46:A,25:A,15.075195554287182
46:A,26:A,11.97788595704601
46:A,27:A,11.830124175172465
46:A,28:A,15.535012133886474
46:A,29:A,15.735111661504025
46:A,30:A,13.731977752676414
46:A,31:A,15.380223437908827
46:A,32:A,18.613061865260107
46:A,33:A,18.07042276760563
46:A,34:A,17.28787858587629
46:A,35:A,20.38846472886078
46:A,36:A,22.487893053818983
46:A,37:A,21.747474221159568
46:A,38:A,21.862432481313693
46:A,39:A,18.36697100776282
46:A,40:A,17.752653688955913
46:A,41:A,16.810031350357438
46:A,42:A,13.585299739056182
46:A,43:A,10.40667694319373
46:A,44:A,6.829503788709689
46:A,45:A,3.821507686764481
46:A,46:A,0.0
46:A,47:A,3.812759368226644
46:A,48:A,5.141371898627834
46:A,49:A,6.053697465186048
46:A,50:A,5.707204131621721
46:A,51:A,5.052831879253456
46:A,52:A,5.720485993340075
46:A,53:A,7.353482236328582
46:A,54:A,10.568015991660875
46:A,55:A,13.410376653919903
46:A,56:A,16.983606919615163
47:A,1:A,11.727257863626946
47:A,2:A,11.557542688651425
47:A,3:A,8.910114309031059
47:A,4:A,10.5257633452401
47:A,5:A,11.76499587760234
47:A,6:A,13.468450356295635
47:A,7:A,16.542066315911082
47:A,8:A,17.910549209893038
47:A,9:A,20.93054863112766
47:A,10:A,23.866156644922953
47:A,11:A,26.416500241326442
47:A,12:A,23.992113120773666
47:A,13:A,20.987110544331728
47:A,14:A,19.325582086964417
47:A,15:A,16.35401712118463
47:A,16:A,16.08331389981555
47:A,17:A,14.082677373283818
47:A,18:A,14.501886980665656
47:A,19:A,14.710817924235213
47:A,20:A,13.373856324934856
47:A,21:A,13.71344639395947
47:A,22:A,11.321036083327359
47:A,23:A,9.03803789547267
47:A,24:A,12.442285401002502
47:A,25:A,14.432092121380046
47:A,26:A,11.83007007587022
47:A,27:A,12.478033739335697
47:A,28:A,16.209075667662237
47:A,29:A,16.30632457054624
47:A,30:A,15.10230250657164
47:A,31:A,17.074965680785425
47:A,32:A,20.019496647018876
47:A,33:A,19.82644902648984
47:A,34:A,19.644579303207284
47:A,35:A,22.57149321600146
47:A,36:A,24.6313744236898
47:A,37:A,24.367145524250475
47:A,38:A,24.633581753370745
47:A,39:A,21.310787643820206
47:A,40:A,20.47399743577204
47:A,41:A,19.66735752458881
47:A,42:A,16.481688293375772
47:A,43:A,13.06396253056476
47:A,44:A,9.680493685757975
47:A,45:A,6.011606191360178
47:A,46:A,3.812759368226644
47:A,47:A,0.0
47:A,48:A,3.8105381509702783
47:A,49:A,5.576240758790825
47:A,50:A,4.900714335686182
47:A,51:A,6.752934769416927
47:A,52:A,8.087077469642542
47:A,53:A,10.675789479003416
47:A,54:A,13.821586377836663
47:A,55:A,16.925431456834417
47:A,56:A,20.35645199930479
48:A,1:A,13.593728112626057
48:A,2:A,13.34274536967561
48:A,3:A,10.751691122795519
48:A,4:A,11.644014470963183
48:A,5:A,13.288716303691638
48:A,6:A,14.306143086101159
48:A,7:A,17.693570838019102
48:A,8:A,18.675678675753662
48:A,9:A,22.068594178152807
48:A,10:A,24.72045416249467
48:A,11:A,27.313996961265115
48:A,12:A,24.92701532474355
48:A,13:A,21.64163612114389
48:A,14:A,20.054037648314115
48:A,15:A,17.172772781353626
48:A,16:A,17.335536940054666
48:A,17:A,15.559766097213672
48:A,18:A,16.718456657239624
48:A,19:A,17.10646605818981
48:A,20:A,16.347198475579845
48:A,21:A,16.737228115790263
48:A,22:A,14.74998884745341
48:A,23:A,12.771906905392006
48:A,24:A,16.240509875000846
48:A,25:A,18.075367271510697
48:A,26:A,15.264128307898881
48:A,27:A,15.96818051626421
48:A,28:A,19.675052503106567
48:A,29:A,19.514006815618362
48:A,30:A,17.934416466671003
48:A,31:A,20.043783624854864
48:A,32:A,23.01212265307136
48:A,33:A,22.364387896832767
48:A,34:A,21.98294559425556
48:A,35:A,25.184669046862616
48:A,36:A,27.033642355405973
48:A,37:A,26.39170100618753
48:A,38:A,26.793705884031795
48:A,39:A,23.35668925597119
48:A,40:A,22.87924941950675
48:A,41:A,21.918910305943587
48:A,42:A,18.59858344068171
48:A,43:A,15.493337600401018
48:A,44:A,11.83390869493254
48:A,45:A,8.6599750577008
48:A,46:A,5.141371898627834
48:A,47:A,3.8105381509702783
48:A,48:A,0.0
48:A,49:A,3.820527973984746
48:A,50:A,5.9425467604386615
48:A,51:A,7.669892372126221
48:A,52:A,10.105559509497729
48:A,53:A,12.168591865947349
48:A,54:A,15.596935949089486
48:A,55:A,18.28240358924395
48:A,56:A,21.953589433165593
49:A,1:A,11.60548568565745
49:A,2:A,10.781538480198455
49:A,3:A,8.326905907958851
49:A,4:A,8.836857190200599
49:A,5:A,11.218928692170213
49:A,6:A,12.436631939556626
49:A,7:A,16.12101153774167
49:A,8:A,17.58409588235915
49:A,9:A,21.00191831714427
49:A,10:A,23.84717530442547
49:A,11:A,26.02676925782376
49:A,12:A,23.281073965777438
49:A,13:A,19.78620231373368
49:A,14:A,17.724122714537945
49:A,15:A,14.57488624312382
49:A,16:A,14.501656353672155
49:A,17:A,12.638041501751765
49:A,18:A,14.287099670681942
49:A,19:A,14.892022998907837
49:A,20:A,14.934840072796227
49:A,21:A,15.868661096639503
49:A,22:A,14.644837076594607
49:A,23:A,13.073570973532824
49:A,24:A,16.678082054001294
49:A,25:A,17.73187057250306
49:A,26:A,14.544823168399127
49:A,27:A,15.793520031962476
49:A,28:A,19.217294320481226
49:A,29:A,18.346674848593135
49:A,30:A,16.581830417658963
49:A,31:A,19.20177470964598
49:A,32:A,21.81406117622301
49:A,33:A,20.661052296531267
49:A,34:A,20.582442056276996
49:A,35:A,24.010689473649023
49:A,36:A,25.37723304460122
49:A,37:A,24.750583225451475
49:A,38:A,25.660077649921483
49:A,39:A,22.442914806236736
49:A,40:A,22.53432160061625
49:A,41:A,22.14928922110143
49:A,42:A,19.20901725752778
49:A,43:A,15.967572514317887
49:A,44:A,12.657924355912387
49:A,45:A,9.51481213687375
49:A,46:A,6.053697465186048
49:A,47:A,5.576240758790825
49:A,48:A,3.820527973984746
49:A,49:A,0.0
49:A,50:A,3.8101677128441485
49:A,51:A,5.542692215882099
49:A,52:A,8.994420548317718
49:A,53:A,11.419096374056924
49:A,54:A,15.16497823935135
49:A,55:A,18.009334107623193
49:A,56:A,21.713160087836133
50:A,1:A,8.569427868883666
50:A,2:A,7.520232044292248
50:A,3:A,4.878243946339708
50:A,4:A,6.518574307315978
50:A,5:A,9.002625006074616
50:A,6:A,11.249587814671255
50:A,7:A,14.729960047467882
50:A,8:A,16.822062834266195
50:A,9:A,19.85159487295668
50:A,10:A,23.067106017010456
50:A,11:A,25.052446267779917
50:A,12:A,22.126475657004214
50:A,13:A,18.8517305306436
50:A,14:A,16.494694359096197
50:A,15:A,13.072389108345881
50:A,16:A,12.275947010312484
50:A,17:A,9.910909292289988
50:A,18:A,10.8965452782063
50:A,19:A,11.340684503150593
50:A,20:A,11.181876318400235
50:A,21:A,12.357359143441611
50:A,22:A,11.229087273683467
50:A,23:A,9.764368694390848
50:A,24:A,13.349419275758777
50:A,25:A,14.058990788815532
50:A,26:A,10.860779852294218
50:A,27:A,12.491470409843672
50:A,28:A,15.76065522115118
50:A,29:A,14.725223258069807
50:A,30:A,13.298650984216406
50:A,31:A,16.116689672510294
50:A,32:A,18.51244692092323
50:A,33:A,17.606194364484335
50:A,34:A,17.940759989476476
50:A,35:A,21.19453337537772
50:A,36:A,22.568790065043363
50:A,37:A,22.385059124335587
50:A,38:A,23.382546931418744
50:A,39:A,20.37986974933844
50:A,40:A,20.338653790258586
50:A,41:A,20.35746912069376
50:A,42:A,17.721616799829523
50:A,43:A,14.155260718192372
50:A,44:A,11.327467016063212
50:A,45:A,7.902088711220597
50:A,46:A,5.707204131621721
50:A,47:A,4.900714335686182
50:A,48:A,5.9425467604386615
50:A,49:A,3.8101677128441485
50:A,50:A,0.0
50:A,51:A,3.8045689637592344
50:A,52:A,6.701514082653263
50:A,53:A,10.009182484099288
50:A,54:A,13.603127471283948
50:A,55:A,16.9385677375627
50:A,56:A,20.401335323943872
51:A,1:A,10.957008031392512
51:A,2:A,8.652723559666054
51:A,3:A,4.992106669533414
51:A,4:A,4.2441684697947615
51:A,5:A,5.751362273409666
51:A,6:A,7.489487766196031
51:A,7:A,11.02327201877918
51:A,8:A,13.053158276830938
51:A,9:A,16.13805645051473
51:A,10:A,19.32189330785159
51:A,11:A,21.284913647933834
51:A,12:A,18.397180762279856
51:A,13:A,15.107477651812033
51:A,14:A,12.95071901478833
51:A,15:A,9.765637920791454
51:A,16:A,9.732653594986314
51:A,17:A,8.425778658379297
51:A,18:A,10.191446511658686
51:A,19:A,11.880810241730149
51:A,20:A,12.191625363338558
51:A,21:A,14.260855654553131
51:A,22:A,13.040516630870114
51:A,23:A,10.869879162161833
51:A,24:A,13.878354153140782
51:A,25:A,14.345893175400407
51:A,26:A,10.697470635622237
51:A,27:A,11.541040767625768
51:A,28:A,14.677391798272607
51:A,29:A,13.6828405311178
51:A,30:A,11.381678127587337
51:A,31:A,13.967719534698569
51:A,32:A,16.577907165863852
51:A,33:A,15.250201342933147
51:A,34:A,15.045552432529687
51:A,35:A,18.513783459898196
51:A,36:A,19.86320371944063
51:A,37:A,19.241201755607676
51:A,38:A,20.19203144807377
51:A,39:A,17.092635548680022
51:A,40:A,17.385711000704
51:A,41:A,17.484291235277453
51:A,42:A,15.031623764583786
51:A,43:A,11.709513269132923
51:A,44:A,9.16969127070263
51:A,45:A,6.666450404825645
51:A,46:A,5.052831879253456
51:A,47:A,6.752934769416927
51:A,48:A,7.669892372126221
51:A,49:A,5.542692215882099
51:A,50:A,3.8045689637592344
51:A,51:A,0.0
51:A,52:A,3.814586478243742
51:A,53:A,6.594074385385716
51:A,54:A,10.316254843692066
51:A,55:A,13.497398786432887
51:A,56:A,17.00619540050037
52:A,1:A,12.329496380631287
52:A,2:A,9.813855766211363
52:A,3:A,6.113668211475006
52:A,4:A,5.273759190558477
52:A,5:A,4.116701349381565
52:A,6:A,6.145693207442103
52:A,7:A,8.809036723728651
52:A,8:A,10.979003278986667
52:A,9:A,13.593096630275236
52:A,10:A,16.953899462955416
52:A,11:A,19.015674455564284
52:A,12:A,16.311403311793867
52:A,13:A,13.502594824699436
52:A,14:A,11.755340275806565
52:A,15:A,9.039840595939731
52:A,16:A,9.17907119484319
52:A,17:A,8.557052997381751
52:A,18:A,9.590085922451374
52:A,19:A,11.76751995961766
52:A,20:A,11.5967197517229
52:A,21:A,14.034402231659174
52:A,22:A,12.385353850415418
52:A,23:A,9.566997177798267
52:A,24:A,11.761129367539498
52:A,25:A,12.231869889759293
52:A,26:A,8.57130935155184
52:A,27:A,8.429020465036254
52:A,28:A,11.518152542834288
52:A,29:A,11.056160771262327
52:A,30:A,8.428141016855378
52:A,31:A,10.465839908960962
52:A,32:A,13.428435500831808
52:A,33:A,12.458963159107581
52:A,34:A,11.884652708430314
52:A,35:A,15.16948126997097
52:A,36:A,16.945809216440505
52:A,37:A,16.385777827128013
52:A,38:A,16.93849739498755
52:A,39:A,13.765490764952771
52:A,40:A,13.716776625723698
52:A,41:A,13.876546616503688
52:A,42:A,11.620158217511499
52:A,43:A,8.186367753772121
52:A,44:A,6.36916430938942
52:A,45:A,4.829784777813603
52:A,46:A,5.720485993340075
52:A,47:A,8.087077469642542
52:A,48:A,10.105559509497729
52:A,49:A,8.994420548317718
52:A,50:A,6.701514082653263
52:A,51:A,3.814586478243742
52:A,52:A,0.0
52:A,53:A,3.7912890947539197
52:A,54:A,7.038605401640299
52:A,55:A,10.597067801991265
52:A,56:A,13.847248102059845
53:A,1:A,16.06687026150395
53:A,2:A,13.32608652230654
53:A,3:A,9.671476309230147
53:A,4:A,7.753148328259946
53:A,5:A,5.010620420666487
53:A,6:A,4.4654072602619355
53:A,7:A,6.202872640962411
53:A,8:A,7.518125697273224
53:A,9:A,10.276758486993844
53:A,10:A,13.412918176146457
53:A,11:A,15.79180819285746
53:A,12:A,13.471625477276303
53:A,13:A,10.860598786438988
53:A,14:A,10.078471213433115
53:A,15:A,8.493925653077026
53:A,16:A,10.015153967862899
53:A,17:A,10.766136772306025
53:A,18:A,12.216248401207304
53:A,19:A,14.941529941742914
53:A,20:A,14.912989572852252
53:A,21:A,17.5216336281752
53:A,22:A,15.693245011787717
53:A,23:A,12.534495362797818
53:A,24:A,14.065182721884561
53:A,25:A,14.659224058591915
53:A,26:A,11.21193297339937
53:A,27:A,9.926323438212155
53:A,28:A,12.617985695030724
53:A,29:A,12.67849099853764
53:A,30:A,9.407925488650513
53:A,31:A,10.347486941281925
53:A,32:A,13.639377735072815
53:A,33:A,12.44332648450566
53:A,34:A,10.736359951119374
53:A,35:A,14.046631304337707
53:A,36:A,16.031799244002528
53:A,37:A,14.727405542049826
53:A,38:A,14.798547597652956
53:A,39:A,11.280493295951201
53:A,40:A,11.406868194206506
53:A,41:A,11.190846482728642
53:A,42:A,8.952145776292967
53:A,43:A,6.305865047715501
53:A,44:A,5.141450670773766
53:A,45:A,6.0325321383313
53:A,46:A,7.353482236328582
53:A,47:A,10.675789479003416
53:A,48:A,12.168591865947349
53:A,49:A,11.419096374056924
53:A,50:A,10.009182484099288
53:A,51:A,6.594074385385716
53:A,52:A,3.7912890947539197
53:A,53:A,0.0
53:A,54:A,3.7991160814063045
53:A,55:A,6.957014661476573
53:A,56:A,10.440489500018664
54:A,1:A,18.92415903019207
54:A,2:A,16.128750385569244
54:A,3:A,12.72826040745553
54:A,4:A,10.858460756479253
54:A,5:A,7.3918770281979125
54:A,6:A,6.281351208139854
54:A,7:A,5.487889393929144
54:A,8:A,6.0400765723623095
54:A,9:A,7.695435400287627
54:A,10:A,10.78960244865398
54:A,11:A,13.333156452993418
54:A,12:A,11.547580612405353
54:A,13:A,9.899973181781856
54:A,14:A,10.14524918373127
54:A,15:A,9.77220885982284
54:A,16:A,11.56694142805262
54:A,17:A,12.994719465998486
54:A,18:A,13.996752409041177
54:A,19:A,16.928153886351577
54:A,20:A,16.71870392703932
54:A,21:A,19.4617775652688
54:A,22:A,17.499611995698647
54:A,23:A,14.181797805638043
54:A,24:A,14.762178362287864
54:A,25:A,15.268841377131404
54:A,26:A,12.306230210750977
54:A,27:A,10.020393704840144
54:A,28:A,11.959753509165648
54:A,29:A,12.67801076667787
54:A,30:A,9.319532445353682
54:A,31:A,8.839168795763547
54:A,32:A,12.278790738505156
54:A,33:A,11.402679904303199
54:A,34:A,8.778075529408481
54:A,35:A,11.604539973648244
54:A,36:A,14.041956986118423
54:A,37:A,12.451597206784356
54:A,38:A,11.763291716182168
54:A,39:A,8.038008086584638
54:A,40:A,7.848969677607374
54:A,41:A,7.524678730683455
54:A,42:A,5.883328734653538
54:A,43:A,4.398551238760327
54:A,44:A,5.679400672606222
54:A,45:A,8.291455541700746
54:A,46:A,10.568015991660875
54:A,47:A,13.821586377836663
54:A,48:A,15.596935949089486
54:A,49:A,15.16497823935135
54:A,50:A,13.603127471283948
54:A,51:A,10.316254843692066
54:A,52:A,7.038605401640299
54:A,53:A,3.7991160814063045
54:A,54:A,0.0
54:A,55:A,3.804385627141391
54:A,56:A,6.824309635413681
55:A,1:A,22.64703965201633
55:A,2:A,19.747478294708923
55:A,3:A,16.31930430502477
55:A,4:A,14.061378666403945
55:A,5:A,10.548621995312942
55:A,6:A,8.322568894277776
55:A,7:A,6.304364361297656
55:A,8:A,4.539840856241551
55:A,9:A,5.439669659087762
55:A,10:A,7.620367510822557
55:A,11:A,10.731443565522767
55:A,12:A,9.904074817972651
55:A,13:A,9.041501479289819
55:A,14:A,10.693122135279294
55:A,15:A,11.565698681878237
55:A,16:A,14.088341776092742
55:A,17:A,16.13088881618121
55:A,18:A,17.41806814775967
55:A,19:A,20.539794400139453
55:A,20:A,20.463508276930426
55:A,21:A,23.244055283018064
55:A,22:A,21.225559356587052
55:A,23:A,17.825169536360658
55:A,24:A,18.17225109885949
55:A,25:A,18.755514842307047
55:A,26:A,15.983664848838641
55:A,27:A,13.423875744359377
55:A,28:A,14.949076024958867
55:A,29:A,15.888865818553569
55:A,30:A,12.501249337566225
55:A,31:A,11.347741405231263
55:A,32:A,14.51577700297163
55:A,33:A,13.50900251684039
55:A,34:A,10.170701549057467
55:A,35:A,12.489843794059235
55:A,36:A,14.869119207269812
55:A,37:A,12.49960691381933
55:A,38:A,11.129833871177054
55:A,39:A,7.384162376329492
55:A,40:A,7.520068151286928
55:A,41:A,6.454668852853723
55:A,42:A,5.551737295658002
55:A,43:A,6.538804401417738
55:A,44:A,8.201977932181968
55:A,45:A,11.417888815363371
55:A,46:A,13.410376653919903
55:A,47:A,16.925431456834417
55:A,48:A,18.28240358924395
55:A,49:A,18.009334107623193
55:A,50:A,16.9385677375627
55:A,51:A,13.497398786432887
55:A,52:A,10.597067801991265
55:A,53:A,6.957014661476573
55:A,54:A,3.804385627141391
55:A,55:A,0.0
55:A,56:A,3.8194635749015853
56:A,1:A,25.45545059510831
56:A,2:A,22.511882129222336
56:A,3:A,19.318911227085238
56:A,4:A,17.137939432732278
56:A,5:A,13.424146676791041
56:A,6:A,11.414586676704506
56:A,7:A,8.492395186282844
56:A,8:A,6.733234066925047
56:A,9:A,5.107975332751712
56:A,10:A,6.297733798756502
56:A,11:A,9.160115010195014
56:A,12:A,9.358239684898011
56:A,13:A,10.012020924868265
56:A,14:A,12.292320732880347
56:A,15:A,13.874420852777963
56:A,16:A,16.251108639105208
56:A,17:A,18.586547931232413
56:A,18:A,19.52740627938078
56:A,19:A,22.708978004304818
56:A,20:A,22.583141787625564
56:A,21:A,25.45122209246542
56:A,22:A,23.48077635002727
56:A,23:A,20.150585376112527
56:A,24:A,19.853878311302303
56:A,25:A,20.210683833062156
56:A,26:A,17.896583584583958
56:A,27:A,14.980255872314064
56:A,28:A,15.682104259314182
56:A,29:A,16.933364786716194
56:A,30:A,13.809921107667487
56:A,31:A,11.744061180017752
56:A,32:A,14.43879468653807
56:A,33:A,13.74917550255287
56:A,34:A,10.027509660927782
56:A,35:A,11.289534534248965
56:A,36:A,13.796399747760283
56:A,37:A,11.23403769799621
56:A,38:A,8.906276550837621
56:A,39:A,5.659587970868548
56:A,40:A,5.624604963906356
56:A,41:A,4.701079663226306
56:A,42:A,6.110533610086767
56:A,43:A,8.499616991370845
56:A,44:A,11.17585227175091
56:A,45:A,14.60057372160423
56:A,46:A,16.983606919615163
56:A,47:A,20.35645199930479
56:A,48:A,21.953589433165593
56:A,49:A,21.713160087836133
56:A,50:A,20.401335323943872
56:A,51:A,17.00619540050037
56:A,52:A,13.847248102059845
56:A,53:A,10.440489500018664
56:A,54:A,6.824309635413681
56:A,55:A,3.8194635749015853
56:A,56:A,0.0
