xcoord,ycoord,distance
0,0,0.0
0,1,3.8123785226548503
0,2,6.6494256894862716
0,3,10.157093924937389
0,4,13.028821473947673
0,5,16.5395044061181
0,6,19.377225317366776
0,7,22.48444987096638
0,8,24.702511066691176
0,9,28.355677632530664
0,10,29.590705398824138
0,11,26.229231727216106
0,12,23.351227076965355
0,13,20.19850326138053
0,14,16.46756779248229
0,15,13.6962265241197
0,16,9.924675762965762
0,17,8.55309096175178
0,18,6.017877782075671
0,19,6.125946947207435
0,20,6.380269351681012
0,21,8.149224441626334
0,22,9.849572884140715
0,23,12.780521624722523
0,24,11.788113419881912
0,25,10.038238939176532
0,26,13.574735098704505
0,27,15.428864734645902
0,28,13.240035271856339
0,29,13.801847629937088
0,30,17.241313349046237
0,31,18.09775679469696
0,32,17.661254938423827
0,33,19.673901926155878
0,34,22.245075567414915
0,35,22.927370782538496
0,36,24.04275445950401
0,37,25.715205210147555
0,38,23.656600114978485
0,39,23.661956343464077
0,40,24.708207644424554
0,41,22.90894606916695
0,42,19.1463754794478
0,43,17.48038543625397
0,44,14.211473252270503
0,45,13.627912129156101
0,46,11.727257863626946
0,47,13.593728112626057
0,48,11.60548568565745
0,49,8.569427868883666
0,50,10.957008031392512
0,51,12.329496380631287
0,52,16.06687026150395
0,53,18.92415903019207
0,54,22.64703965201633
0,55,25.45545059510831
1,0,3.8123785226548503
1,1,0.0
1,2,3.807712436621231
1,3,6.762431589302771
1,4,9.646158458163539
1,5,13.167728050047208
1,6,15.922018747633732
1,7,19.17507486295686
1,8,21.319530037034117
1,9,24.978998899075197
1,10,26.028795861506925
1,11,22.58585718984338
1,12,19.69511883690982
1,13,16.451549410313913
1,14,12.723383551555774
1,15,9.88998286146139
1,16,6.122924219684577
1,17,5.361473398236719
1,18,4.4229737733791685
1,19,6.103654970589341
1,20,8.312547684073763
1,21,9.58557609119035
1,22,10.143085230835833
1,23,12.897431100804532
1,24,11.548687631068734
1,25,8.883423495477405
1,26,12.142450617564808
1,27,13.909633532196311
1,28,11.334746137430693
1,29,11.104153817378432
1,30,14.770950003300397
1,31,15.652553178315673
1,32,14.632993747008847
1,33,16.51436747199238
1,34,19.35199506510892
1,35,19.820608391267914
1,36,20.670022012566893
1,37,22.532162989824123
1,38,20.514472086797653
1,39,20.933224357465814
1,40,22.21915266161156
1,41,20.65587635516828
1,42,17.03056240997343
1,43,15.634699645340168
1,44,12.802949894457917
1,45,12.378799012828345
1,46,11.557542688651425
1,47,13.34274536967561
1,48,10.781538480198455
1,49,7.520232044292248
1,50,8.652723559666054
1,51,9.813855766211363
1,52,13.32608652230654
1,53,16.128750385569244
1,54,19.747478294708923
1,55,22.511882129222336
2,0,6.6494256894862716
2,1,3.807712436621231
2,2,0.0
2,3,3.8137617911977677
2,4,6.545788951684893
2,5,9.927635065815021
2,6,12.926522927686316
2,7,15.891620118792169
2,8,18.31095112221099
2,9,21.8803094128031
2,10,23.28204887891098
2,11,20.02226233471133
2,12,17.008758684865864
2,13,14.1197577174681
2,14,10.455218649076642
2,15,8.521773700351353
2,16,5.516051033121431
2,17,6.024498236367908
2,18,6.975745766582954
2,19,7.7298479933307895
2,20,10.145903064784326
2,21,10.00104639525285
2,22,9.080167399337967
2,23,12.031953914472911
2,24,11.43474765790658
2,25,7.993008132111464
2,26,10.346410826948638
2,27,12.805083248460354
2,28,10.867666906930852
2,29,9.599013595156537
2,30,13.001234633679989
2,31,14.703760437384718
2,32,13.56630944656652
2,33,14.619982113532151
2,34,17.77392531209693
2,35,18.690876838714658
2,36,18.978474754310472
2,37,20.46010862630011
2,38,17.987153054332975
2,39,18.317835625422564
2,40,19.219676298002526
2,41,17.370176452759484
2,42,13.769045210180698
2,43,12.101963683634157
2,44,9.373015203231027
2,45,8.923150732784917
2,46,8.910114309031059
2,47,10.751691122795519
2,48,8.326905907958851
2,49,4.878243946339708
2,50,4.992106669533414
2,51,6.113668211475006
2,52,9.671476309230147
2,53,12.72826040745553
2,54,16.31930430502477
2,55,19.318911227085238
3,0,10.157093924937389
3,1,6.762431589302771
3,2,3.8137617911977677
3,3,0.0
3,4,3.803178407595416
3,5,6.6246733504377415
3,6,9.856325481638683
3,7,12.817459849751822
3,8,15.392217643991394
3,9,18.854013551496138
3,10,20.107212114064943
3,11,16.770094990786426
3,12,13.534432053100714
3,13,10.590492009344986
3,14,6.904531700267586
3,15,5.788629889706199
3,16,4.302945502792245
3,17,6.888268577806763
3,18,9.36212871092894
3,19,10.836558909543195
3,20,13.718879764762136
3,21,13.475748661948248
3,22,11.973082936320118
3,23,14.537263979167468
3,24,13.87171168241324
3,25,10.140410642572617
3,26,11.570845690786824
3,27,13.832764076640649
3,28,11.861642845744429
3,29,9.454357989837279
3,30,12.657520807804346
3,31,14.490632284341496
3,32,12.538241144594403
3,33,12.981404931670532
3,34,16.53634004246405
3,35,17.18505949946057
3,36,16.8216411506131
3,37,18.471474061373662
3,38,15.928251881484044
3,39,16.891011366996352
3,40,17.896169478410737
3,41,16.24533979330688
3,42,13.052968589558468
3,43,11.597715723365528
3,44,9.749319207001072
3,45,9.15530534717439
3,46,10.5257633452401
3,47,11.644014470963183
3,48,8.836857190200599
3,49,6.518574307315978
3,50,4.2441684697947615
3,51,5.273759190558477
3,52,7.753148328259946
3,53,10.858460756479253
3,54,14.061378666403945
3,55,17.137939432732278
4,0,13.028821473947673
4,1,9.646158458163539
4,2,6.545788951684893
4,3,3.803178407595416
4,4,0.0
4,5,3.8098885810480083
4,6,6.3836514629168155
4,7,9.536328486372522
4,8,11.818349207905475
4,9,15.394447083282985
4,10,16.746869468649955
4,11,13.561823623687191
4,12,10.625415991856507
4,13,8.173351515749216
4,14,5.119378477901394
4,15,5.246429833705965
4,16,5.8456317023911115
4,17,7.855043093452767
4,18,11.040164672684913
4,19,12.06468155402371
4,20,15.243262774091379
4,21,14.4868767510461
4,22,12.286615848149564
4,23,14.082855179259639
4,24,13.48310361155769
4,25,9.753635117226807
4,26,9.986077608350538
4,27,12.002293530821515
4,28,10.550444398223233
4,29,7.291172813752256
4,30,9.818234922836181
4,31,12.052219629595207
4,32,10.023241042696718
4,33,9.65952669647949
4,34,13.320040465403999
4,35,14.303510967591139
4,36,13.584891497542408
4,37,14.894086141821527
4,38,12.176967684937003
4,39,13.204136132288246
4,40,14.301944762863545
4,41,12.972516679503636
4,42,10.11613172116694
4,43,9.476882715323642
4,44,8.866743539767011
4,45,9.46188173673715
4,46,11.76499587760234
4,47,13.288716303691638
4,48,11.218928692170213
4,49,9.002625006074616
4,50,5.751362273409666
4,51,4.116701349381565
4,52,5.010620420666487
4,53,7.3918770281979125
4,54,10.548621995312942
4,55,13.424146676791041
5,0,16.5395044061181
5,1,13.167728050047208
5,2,9.927635065815021
5,3,6.6246733504377415
5,4,3.8098885810480083
5,5,0.0
5,6,3.8067068445048404
5,7,6.226485525559345
5,8,9.111153220092394
5,9,12.352993726218758
5,10,13.911384618362042
5,11,10.92898801353538
5,12,7.645933428954241
5,13,6.025376004864757
5,14,4.36080210511782
5,15,6.961392461282441
5,16,8.919129610001193
5,17,11.450103798656151
5,18,14.782127959126859
5,19,15.85971027478119
5,20,18.9742784579546
5,21,17.96469585047295
5,22,15.4004288901316
5,23,17.07180251174433
5,24,16.812371040397604
5,25,13.161295111044353
5,26,12.639324705062371
5,27,14.610244385361938
5,28,13.626748915276893
5,29,9.994416141025948
5,30,11.560011678194794
5,31,14.01997521395812
5,32,11.665692006906406
5,33,10.156121848422261
5,34,13.9014805326627
5,35,14.864273308843593
5,36,13.158916292765147
5,37,14.18020482926816
5,38,11.174844294217259
5,39,12.709059918026984
5,40,13.429995197318576
5,41,12.134640744579134
5,42,10.141211860522391
5,43,9.595839984076434
5,44,10.055627379731211
5,45,10.360471466106162
5,46,13.468450356295635
5,47,14.306143086101159
5,48,12.436631939556626
5,49,11.249587814671255
5,50,7.489487766196031
5,51,6.145693207442103
5,52,4.4654072602619355
5,53,6.281351208139854
5,54,8.322568894277776
5,55,11.414586676704506
6,0,19.377225317366776
6,1,15.922018747633732
6,2,12.926522927686316
6,3,9.856325481638683
6,4,6.3836514629168155
6,5,3.8067068445048404
6,6,0.0
6,7,3.801621364628519
6,8,5.560009712221734
6,9,9.09030841060962
6,10,10.423683945707488
6,11,7.512713358035163
6,12,4.944685530951385
6,13,4.692824416063315
6,14,5.423583132948181
6,15,8.297510711050634
6,16,11.081967153894656
6,17,13.106218524044225
6,18,16.692389343649996
6,19,17.696155316904292
6,20,21.015710456703573
6,21,19.956045349717964
6,22,17.26059381944897
6,23,18.192944016843455
6,24,17.721633361516087
6,25,14.41996699025348
6,26,13.186373193566151
6,27,14.402221287009862
6,28,13.749170265874229
6,29,9.948282917167163
6,30,10.431458239383408
6,31,12.698105370487363
6,32,10.23750648351443
6,33,7.770820420007144
6,34,11.290665436545359
6,35,12.26608291183457
6,36,9.970654692646818
6,37,10.704299790271197
6,38,7.76834345275748
6,39,9.938313388095589
6,40,11.106147216744427
6,41,10.789408927276787
6,42,9.801556458032572
6,43,10.606310291519856
6,44,12.157317837417922
6,45,13.305787612914914
6,46,16.542066315911082
6,47,17.693570838019102
6,48,16.12101153774167
6,49,14.729960047467882
6,50,11.02327201877918
6,51,8.809036723728651
6,52,6.202872640962411
6,53,5.487889393929144
6,54,6.304364361297656
6,55,8.492395186282844
7,0,22.48444987096638
7,1,19.17507486295686
7,2,15.891620118792169
7,3,12.817459849751822
7,4,9.536328486372522
7,5,6.226485525559345
7,6,3.801621364628519
7,7,0.0
7,8,3.793780831835173
7,9,6.312167773435683
7,10,8.652851668669701
7,11,6.907167074857822
7,12,4.937735310848486
7,13,6.958728763215306
7,14,8.627875114997897
7,15,11.91983343004423
7,16,14.647766416761295
7,17,16.76600873791971
7,18,20.254367356202465
7,19,20.998990166196087
7,20,24.122437293938603
7,21,22.67415491258715
7,22,19.62879043649914
7,23,20.508049078349703
7,24,20.5432162525735
7,25,17.331811013278447
7,26,15.582323414690121
7,27,17.006344492571003
7,28,16.950323241755598
7,29,13.20024424016465
7,30,12.995068141414265
7,31,15.567678857170714
7,32,13.463176965337714
7,33,10.389769246715732
7,34,13.361911577315574
7,35,14.656810191852797
7,36,11.761280117402187
7,37,11.573563366569523
7,38,8.387129723570515
7,39,10.308173359038934
7,40,10.471169036931835
7,41,10.030638065447283
7,42,10.172837558911477
7,43,10.958413799451087
7,44,13.265500442878135
7,45,14.296804852833377
7,46,17.910549209893038
7,47,18.675678675753662
7,48,17.58409588235915
7,49,16.822062834266195
7,50,13.053158276830938
7,51,10.979003278986667
7,52,7.518125697273224
7,53,6.0400765723623095
7,54,4.539840856241551
7,55,6.733234066925047
8,0,24.702511066691176
8,1,21.319530037034117
8,2,18.31095112221099
8,3,15.392217643991394
8,4,11.818349207905475
8,5,9.111153220092394
8,6,5.560009712221734
8,7,3.793780831835173
8,8,0.0
8,9,3.7956125987777
8,10,5.641887893249917
8,11,4.549401059480247
8,12,5.055358642074762
8,13,7.931705554292848
8,14,10.452484585016137
8,15,13.382779382475075
8,16,16.42854296643497
8,17,18.10688377385794
8,18,21.6942341187699
8,19,22.4269837695576
8,20,25.704460974702425
8,21,24.349516750851546
8,22,21.371096813219484
8,23,21.640924564352606
8,24,21.36600498455432
8,25,18.538510943438794
8,26,16.453905858488433
8,27,17.09068208118096
8,28,17.21162917913351
8,29,13.634817673881818
8,30,12.614739989393358
8,31,14.687111765081657
8,32,12.698676269595977
8,33,9.170661372005837
8,34,11.353712080196502
8,35,12.540590496463873
8,36,9.226404012398328
8,37,8.493473141183179
8,38,5.84639820744362
8,39,8.463136120847873
8,40,9.307424885541648
8,41,10.280106273769741
8,42,11.286736153556527
8,43,13.144577817488091
8,44,15.828197907531989
8,45,17.43756622926491
8,46,20.93054863112766
8,47,22.068594178152807
8,48,21.00191831714427
8,49,19.85159487295668
8,50,16.13805645051473
8,51,13.593096630275236
8,52,10.276758486993844
8,53,7.695435400287627
8,54,5.439669659087762
8,55,5.107975332751712
9,0,28.355677632530664
9,1,24.978998899075197
9,2,21.8803094128031
9,3,18.854013551496138
9,4,15.394447083282985
9,5,12.352993726218758
9,6,9.09030841060962
9,7,6.312167773435683
9,8,3.7956125987777
9,9,0.0
9,10,3.795071013828337
9,11,5.458938816290207
9,12,7.155289232448951
9,13,10.759170321172537
9,14,13.712357528886125
9,15,16.889765510509612
9,16,20.052501564642753
9,17,21.872411366833788
9,18,25.4749970951912
9,19,26.191866180171278
9,20,29.421324052462356
9,21,27.934397809868752
9,22,24.82305742651376
9,23,25.029080906018105
9,24,24.944401736662275
9,25,22.194397018166544
9,26,19.911462151233394
9,27,20.526706530761334
9,28,20.877573134825802
9,29,17.365929574888874
9,30,16.064985714279363
9,31,18.056471499160626
9,32,16.19509073762787
9,33,12.588461899692115
9,34,14.187127158096526
9,35,15.248843661078043
9,36,11.658829615360197
9,37,10.400485421363754
9,38,8.492380761600367
9,39,10.744353400740314
9,40,10.920481170717707
9,41,12.120122689147994
9,42,13.953234965412141
9,43,15.774166507299205
9,44,18.754924206725015
9,45,20.219553778459108
9,46,23.866156644922953
9,47,24.72045416249467
9,48,23.84717530442547
9,49,23.067106017010456
9,50,19.32189330785159
9,51,16.953899462955416
9,52,13.412918176146457
9,53,10.78960244865398
9,54,7.620367510822557
9,55,6.297733798756502
10,0,29.590705398824138
10,1,26.028795861506925
10,2,23.28204887891098
10,3,20.107212114064943
10,4,16.746869468649955
10,5,13.911384618362042
10,6,10.423683945707488
10,7,8.652851668669701
10,8,5.641887893249917
10,9,3.795071013828337
10,10,0.0
10,11,3.8142219390066976
10,12,7.098932314087802
10,13,10.612884716230552
10,14,14.107537878737025
10,15,17.09151751600776
10,16,20.594254805649076
10,17,22.436954583900196
10,18,26.164879839204307
10,19,27.280977878367924
10,20,30.73655714292022
10,21,29.650966274305464
10,22,26.824876663276573
10,23,26.932542601841366
10,24,26.348384580463375
10,25,23.66495119369571
10,26,21.66624778313033
10,27,21.77425188152282
10,28,21.682488418076
10,29,18.27113838817932
10,30,17.08292580326918
10,31,18.343362041894068
10,32,16.09642370217683
10,33,12.790744818031513
10,34,14.041241148844357
10,35,14.198384591213186
10,36,10.393331323497776
10,37,9.795415100954122
10,38,9.216752736186427
10,39,12.267895418530435
10,40,13.402935536665094
10,41,15.160052572468212
10,42,16.732400485286025
10,43,18.72721925433672
10,44,21.448911720644478
10,45,22.877074179186465
10,46,26.416500241326442
10,47,27.313996961265115
10,48,26.02676925782376
10,49,25.052446267779917
10,50,21.284913647933834
10,51,19.015674455564284
10,52,15.79180819285746
10,53,13.333156452993418
10,54,10.731443565522767
10,55,9.160115010195014
11,0,26.229231727216106
11,1,22.58585718984338
11,2,20.02226233471133
11,3,16.770094990786426
11,4,13.561823623687191
11,5,10.92898801353538
11,6,7.512713358035163
11,7,6.907167074857822
11,8,4.549401059480247
11,9,5.458938816290207
11,10,3.8142219390066976
11,11,0.0
11,12,3.8174500651612906
11,13,6.927997907043565
11,14,10.485962426024612
11,15,13.385914163776786
11,16,16.975800481862407
11,17,18.955114296674658
11,18,22.72969722631606
11,19,24.116848902789933
11,20,27.668900086559276
11,21,26.86826473741838
11,22,24.279692687511513
11,23,24.63505798653618
11,24,23.776947217841062
11,25,20.912602085823753
11,26,19.363337780455105
11,27,19.530641924934265
11,28,18.929555330223685
11,29,15.428026607443998
11,30,14.85697294202288
11,31,15.985946515611767
11,32,13.261431785444586
11,33,10.313080820007182
11,34,12.290822348402891
11,35,12.078125930789097
11,36,8.366256092183647
11,37,8.974108869408706
11,38,8.084461515772093
11,39,11.628874193145267
11,40,13.331358970487592
11,41,14.70608258510743
11,42,15.4129497825692
11,43,17.13443334341699
11,44,19.363372149499167
11,45,20.614548794480076
11,46,23.992113120773666
11,47,24.92701532474355
11,48,23.281073965777438
11,49,22.126475657004214
11,50,18.397180762279856
11,51,16.311403311793867
11,52,13.471625477276303
11,53,11.547580612405353
11,54,9.904074817972651
11,55,9.358239684898011
12,0,23.351227076965355
12,1,19.69511883690982
12,2,17.008758684865864
12,3,13.534432053100714
12,4,10.625415991856507
12,5,7.645933428954241
12,6,4.944685530951385
12,7,4.937735310848486
12,8,5.055358642074762
12,9,7.155289232448951
12,10,7.098932314087802
12,11,3.8174500651612906
12,12,0.0
12,13,3.8026135748981864
12,14,7.265019545741082
12,15,10.654049887249448
12,16,14.173421711075981
12,17,16.632354343267224
12,18,20.39590598625126
12,19,21.929227209366044
12,20,25.420589548631636
12,21,24.668408156993028
12,22,22.130435513111802
12,23,23.016401173945503
12,24,22.279968177715155
12,25,19.053602152873875
12,26,17.91820239309736
12,27,18.674078852784145
12,28,17.762149194283893
12,29,14.054066386637
12,30,14.304548018025594
12,31,15.833663979003722
12,32,12.850471742313585
12,33,10.296206145954924
12,34,13.227930941761073
12,35,13.18538664582878
12,36,9.969610223072914
12,37,11.097044155990368
12,38,9.2520511779821
12,39,12.45680304090901
12,40,13.84472249631606
12,41,14.275259647375945
12,42,14.196560358058566
12,43,15.158131184285217
12,44,16.891335234373866
12,45,17.63686239102636
12,46,20.987110544331728
12,47,21.64163612114389
12,48,19.78620231373368
12,49,18.8517305306436
12,50,15.107477651812033
12,51,13.502594824699436
12,52,10.860598786438988
12,53,9.899973181781856
12,54,9.041501479289819
12,55,10.012020924868265
13,0,20.19850326138053
13,1,16.451549410313913
13,2,14.1197577174681
13,3,10.590492009344986
13,4,8.173351515749216
13,5,6.025376004864757
13,6,4.692824416063315
13,7,6.958728763215306
13,8,7.931705554292848
13,9,10.759170321172537
13,10,10.612884716230552
13,11,6.927997907043565
13,12,3.8026135748981864
13,13,0.0
13,14,3.798306333091106
13,15,7.048092011317673
13,16,10.689702755455832
13,17,13.3875881696443
13,18,17.155434445096397
13,19,19.074462141827222
13,20,22.644887171279965
13,21,22.311042400569274
13,22,20.177819852501408
13,23,21.346529108967573
13,24,20.253205375939878
13,25,16.900025828382628
13,26,16.470624183679256
13,27,17.24960767669804
13,28,15.676031449317776
13,29,12.080979513267954
13,30,13.266540694544302
13,31,14.48014064158218
13,32,11.124643185289134
13,33,9.58340289250118
13,34,12.991394574871475
13,35,12.546315833741794
13,36,10.14710608991549
13,37,12.199304775273056
13,38,10.48186133279772
13,39,13.526580351293523
13,40,15.317076059091695
13,41,15.419094461089472
13,42,14.396996422865431
13,43,14.956830580039343
13,44,15.882787727599963
13,45,16.363756323045145
13,46,19.325582086964417
13,47,20.054037648314115
13,48,17.724122714537945
13,49,16.494694359096197
13,50,12.95071901478833
13,51,11.755340275806565
13,52,10.078471213433115
13,53,10.14524918373127
13,54,10.693122135279294
13,55,12.292320732880347
14,0,16.46756779248229
14,1,12.723383551555774
14,2,10.455218649076642
14,3,6.904531700267586
14,4,5.119378477901394
14,5,4.36080210511782
14,6,5.423583132948181
14,7,8.627875114997897
14,8,10.452484585016137
14,9,13.712357528886125
14,10,14.107537878737025
14,11,10.485962426024612
14,12,7.265019545741082
14,13,3.798306333091106
14,14,0.0
14,15,3.8054889304792345
14,16,7.097457713857829
14,17,10.124477171686447
14,18,13.779196493264765
14,19,15.79810852602298
14,20,19.28764786074238
14,21,19.11952577863792
14,22,17.243359910411893
14,23,18.815609105208367
14,24,17.687401929056737
14,25,14.15074407937618
14,26,14.36617255917525
14,27,15.536660065792777
14,28,13.590388405045678
14,29,10.165169403408878
14,30,12.304062621752214
14,31,13.654025560251453
14,32,10.4652616307477
14,33,9.856675504448749
14,34,13.583568382424406
14,35,13.406055870389322
14,36,11.932812618993058
14,37,14.067839564055314
14,38,12.025659150333505
14,39,14.391462017460213
14,40,16.06448642191838
14,41,15.546828647669596
14,42,13.624257961445092
14,43,13.556097889879668
14,44,13.6243918396382
14,45,13.800383690318178
14,46,16.35401712118463
14,47,17.172772781353626
14,48,14.57488624312382
14,49,13.072389108345881
14,50,9.765637920791454
14,51,9.039840595939731
14,52,8.493925653077026
14,53,9.77220885982284
14,54,11.565698681878237
14,55,13.874420852777963
15,0,13.6962265241197
15,1,9.88998286146139
15,2,8.521773700351353
15,3,5.788629889706199
15,4,5.246429833705965
15,5,6.961392461282441
15,6,8.297510711050634
15,7,11.91983343004423
15,8,13.382779382475075
15,9,16.889765510509612
15,10,17.09151751600776
15,11,13.385914163776786
15,12,10.654049887249448
15,13,7.048092011317673
15,14,3.8054889304792345
15,15,0.0
15,16,3.8112465152493082
15,17,6.701404628881918
15,18,10.360143724871772
15,19,12.820122659319605
15,20,16.42999409616449
15,21,16.84512315182053
15,22,15.610882454236853
15,23,17.16862673599726
15,24,15.475580538383689
15,25,12.121602699313321
15,26,13.188831714750172
15,27,14.015784744351635
15,28,11.350828824363443
15,29,8.58271501332766
15,30,11.56070140605664
15,31,12.241075279565926
15,32,9.14341703084793
15,33,9.964812793023258
15,34,13.444160739890012
15,35,12.976911882262282
15,36,12.596080144235348
15,37,15.126707705247696
15,38,13.520798349210006
15,39,15.534393357965415
15,40,17.595409799149323
15,41,17.142564598099085
15,42,14.678159182949338
15,43,14.620837116936908
15,44,13.980675269814402
15,45,14.286504261015008
15,46,16.08331389981555
15,47,17.335536940054666
15,48,14.501656353672155
15,49,12.275947010312484
15,50,9.732653594986314
15,51,9.17907119484319
15,52,10.015153967862899
15,53,11.56694142805262
15,54,14.088341776092742
15,55,16.251108639105208
16,0,9.924675762965762
16,1,6.122924219684577
16,2,5.516051033121431
16,3,4.302945502792245
16,4,5.8456317023911115
16,5,8.919129610001193
16,6,11.081967153894656
16,7,14.647766416761295
16,8,16.42854296643497
16,9,20.052501564642753
16,10,20.594254805649076
16,11,16.975800481862407
16,12,14.173421711075981
16,13,10.689702755455832
16,14,7.097457713857829
16,15,3.8112465152493082
16,16,0.0
16,17,3.8207402424137653
16,18,6.975488656717894
16,19,9.631903705914008
16,20,13.064360145066425
16,21,13.831577422694782
16,22,13.166017583157029
16,23,15.13626056858166
16,24,13.38196491551222
16,25,10.080941424291682
16,26,12.123176893867383
16,27,13.280950191910216
16,28,10.3403831166935
16,29,8.501807631321705
16,30,12.13530325125829
16,31,12.822713129443395
16,32,10.523972396391013
16,33,12.070312257766988
16,34,15.310982006390054
16,35,15.191774945673727
16,36,15.488826004575039
16,37,17.80122282316583
16,38,16.04651301685198
16,39,17.385963102457108
16,40,19.210747356623063
16,41,18.307412515153526
16,42,15.252356572018634
16,43,14.660849293270838
16,44,13.094072895779984
16,45,13.144041844120856
16,46,14.082677373283818
16,47,15.559766097213672
16,48,12.638041501751765
16,49,9.910909292289988
16,50,8.425778658379297
16,51,8.557052997381751
16,52,10.766136772306025
16,53,12.994719465998486
16,54,16.13088881618121
16,55,18.586547931232413
17,0,8.55309096175178
17,1,5.361473398236719
17,2,6.024498236367908
17,3,6.888268577806763
17,4,7.855043093452767
17,5,11.450103798656151
17,6,13.106218524044225
17,7,16.76600873791971
17,8,18.10688377385794
17,9,21.872411366833788
17,10,22.436954583900196
17,11,18.955114296674658
17,12,16.632354343267224
17,13,13.3875881696443
17,14,10.124477171686447
17,15,6.701404628881918
17,16,3.8207402424137653
17,17,0.0
17,18,3.8097115376364092
17,19,6.39016220451406
17,20,10.082755079838051
17,21,11.240678538237805
17,22,11.175466835886546
17,23,12.625252472723071
17,24,10.26497174862162
17,25,7.542696865180251
17,26,10.235423879840052
17,27,10.819149596895313
17,28,7.493630562017321
17,29,7.019260431128054
17,30,10.798108213941921
17,31,10.943711436254159
17,32,9.558249787487247
17,33,11.949755227618681
17,34,14.553566779315647
17,35,14.645373399131891
17,36,15.820027149154958
17,37,17.947401093194525
17,38,16.491078921647304
17,39,17.26148884076921
17,40,19.27487717211189
17,41,18.56339163515116
17,42,15.33783977618752
17,43,15.134583905743824
17,44,13.424579285772795
17,45,14.177797995457546
17,46,14.501886980665656
17,47,16.718456657239624
17,48,14.287099670681942
17,49,10.8965452782063
17,50,10.191446511658686
17,51,9.590085922451374
17,52,12.216248401207304
17,53,13.996752409041177
17,54,17.41806814775967
17,55,19.52740627938078
18,0,6.017877782075671
18,1,4.4229737733791685
18,2,6.975745766582954
18,3,9.36212871092894
18,4,11.040164672684913
18,5,14.782127959126859
18,6,16.692389343649996
18,7,20.254367356202465
18,8,21.6942341187699
18,9,25.4749970951912
18,10,26.164879839204307
18,11,22.72969722631606
18,12,20.39590598625126
18,13,17.155434445096397
18,14,13.779196493264765
18,15,10.360143724871772
18,16,6.975488656717894
18,17,3.8097115376364092
18,18,0.0
18,19,3.8144599879930583
18,20,7.004055967794661
18,21,9.176473505655647
18,22,10.373815354053688
18,23,11.94091696646451
18,24,9.41791500280184
18,25,7.669226166961045
18,26,11.217343446645467
18,27,11.784474107909949
18,28,8.634448737470157
18,29,9.579675829588389
18,30,13.142217963494593
18,31,13.070660809614791
18,32,12.510767082797122
18,33,15.18750868312509
18,34,17.381846449672718
18,35,17.606398098418655
18,36,19.205953894560924
18,37,21.19077964587429
18,38,19.782893569950783
18,39,20.114233244148284
18,40,21.95078012281113
18,41,21.023126908240837
18,42,17.562462384301355
18,43,17.06339866497879
18,44,14.764532806695916
18,45,15.354170703753427
18,46,14.710817924235213
18,47,17.10646605818981
18,48,14.892022998907837
18,49,11.340684503150593
18,50,11.880810241730149
18,51,11.76751995961766
18,52,14.941529941742914
18,53,16.928153886351577
18,54,20.539794400139453
18,55,22.708978004304818
19,0,6.125946947207435
19,1,6.103654970589341
19,2,7.7298479933307895
19,3,10.836558909543195
19,4,12.06468155402371
19,5,15.85971027478119
19,6,17.696155316904292
19,7,20.998990166196087
19,8,22.4269837695576
19,9,26.191866180171278
19,10,27.280977878367924
19,11,24.116848902789933
19,12,21.929227209366044
19,13,19.074462141827222
19,14,15.79810852602298
19,15,12.820122659319605
19,16,9.631903705914008
19,17,6.39016220451406
19,18,3.8144599879930583
19,19,0.0
19,20,3.8114061709558054
19,21,5.549966936838455
19,22,7.222799872625575
19,23,8.540451100498146
19,24,6.256412230663834
19,25,5.358299450385356
19,26,9.154736642853251
19,27,9.98668758898565
19,28,7.775863810535778
19,29,9.550002513088675
19,30,12.56395701998379
19,31,12.92305370258903
19,32,13.382793056757622
19,33,15.777434677411916
19,34,17.626643951699936
19,35,18.56986346207209
19,36,20.30810217622513
19,37,21.691715123521238
19,38,20.058351602262835
19,39,19.65834270735964
19,40,21.106556351048837
19,41,19.94980942264863
19,42,16.379819901329807
19,43,15.859113752035453
19,44,13.413707690269682
19,45,14.494978751277976
19,46,13.373856324934856
19,47,16.347198475579845
19,48,14.934840072796227
19,49,11.181876318400235
19,50,12.191625363338558
19,51,11.5967197517229
19,52,14.912989572852252
19,53,16.71870392703932
19,54,20.463508276930426
19,55,22.583141787625564
20,0,6.380269351681012
20,1,8.312547684073763
20,2,10.145903064784326
20,3,13.718879764762136
20,4,15.243262774091379
20,5,18.9742784579546
20,6,21.015710456703573
20,7,24.122437293938603
20,8,25.704460974702425
20,9,29.421324052462356
20,10,30.73655714292022
20,11,27.668900086559276
20,12,25.420589548631636
20,13,22.644887171279965
20,14,19.28764786074238
20,15,16.42999409616449
20,16,13.064360145066425
20,17,10.082755079838051
20,18,7.004055967794661
20,19,3.8114061709558054
20,20,0.0
20,21,3.816525383120093
20,22,7.21967513119531
20,23,8.578691392048087
20,24,7.216742963415007
20,25,7.667897104160956
20,26,11.162324578688795
20,27,12.208894380737348
20,28,10.805062933643653
20,29,12.9265712777983
20,30,15.548071423813308
20,31,16.036530235683777
20,32,16.94820288408184
20,33,19.236000519858592
20,34,20.88534993721676
20,35,22.064726556202775
20,36,23.894146417062068
20,37,25.04058142296221
20,38,23.297701817990543
20,39,22.501603387314425
20,40,23.593307779961673
20,41,22.14461995609769
20,42,18.507746189096068
20,43,17.6458747020373
20,44,14.824382516651411
20,45,15.701431208651012
20,46,13.71344639395947
20,47,16.737228115790263
20,48,15.868661096639503
20,49,12.357359143441611
20,50,14.260855654553131
20,51,14.034402231659174
20,52,17.5216336281752
20,53,19.4617775652688
20,54,23.244055283018064
20,55,25.45122209246542
21,0,8.149224441626334
21,1,9.58557609119035
21,2,10.00104639525285
21,3,13.475748661948248
21,4,14.4868767510461
21,5,17.96469585047295
21,6,19.956045349717964
21,7,22.67415491258715
21,8,24.349516750851546
21,9,27.934397809868752
21,10,29.650966274305464
21,11,26.86826473741838
21,12,24.668408156993028
21,13,22.311042400569274
21,14,19.11952577863792
21,15,16.84512315182053
21,16,13.831577422694782
21,17,11.240678538237805
21,18,9.176473505655647
21,19,5.549966936838455
21,20,3.816525383120093
21,21,0.0
21,22,3.8192450824737687
21,23,5.529675397344767
21,24,5.877580539643842
21,25,6.300863909020732
21,26,9.009623632538709
21,27,10.850281655330427
21,28,10.56891484495925
21,29,12.312969300700786
21,30,14.393836493443992
21,31,15.661945153779591
21,32,16.912971619440505
21,33,18.553858951711366
21,34,20.209558728482918
21,35,21.997883716394178
21,36,23.51537584220163
21,37,24.12700138848589
21,38,22.0065151716486
21,39,20.73515259167388
21,40,21.299578728228408
21,41,19.51843162244344
21,42,15.89690677458983
21,43,14.875698437384377
21,44,12.079997806291193
21,45,13.351650759363054
21,46,11.321036083327359
21,47,14.74998884745341
21,48,14.644837076594607
21,49,11.229087273683467
21,50,13.040516630870114
21,51,12.385353850415418
21,52,15.693245011787717
21,53,17.499611995698647
21,54,21.225559356587052
21,55,23.48077635002727
22,0,9.849572884140715
22,1,10.143085230835833
22,2,9.080167399337967
22,3,11.973082936320118
22,4,12.286615848149564
22,5,15.4004288901316
22,6,17.26059381944897
22,7,19.62879043649914
22,8,21.371096813219484
22,9,24.82305742651376
22,10,26.824876663276573
22,11,24.279692687511513
22,12,22.130435513111802
22,13,20.177819852501408
22,14,17.243359910411893
22,15,15.610882454236853
22,16,13.166017583157029
22,17,11.175466835886546
22,18,10.373815354053688
22,19,7.222799872625575
22,20,7.21967513119531
22,21,3.8192450824737687
22,22,0.0
22,23,3.813516356330465
22,24,5.756181199371686
22,25,4.875376805950491
22,26,6.321543561504579
22,27,9.187970668216133
22,28,9.718381346705838
22,29,10.567877648799689
22,30,12.211639939009011
22,31,14.291933214229628
22,32,15.504724957250936
22,33,16.425512746943397
22,34,18.252978195352124
22,35,20.469213687877705
22,36,21.52904438195063
22,37,21.74793022335689
22,38,19.265038463496513
22,39,17.77668242389451
22,40,17.94330797261196
22,41,15.89607869884897
22,42,12.264500234416404
22,43,11.152897964206433
22,44,8.54963098618882
22,45,10.421961955409357
22,46,9.03803789547267
22,47,12.771906905392006
22,48,13.073570973532824
22,49,9.764368694390848
22,50,10.869879162161833
22,51,9.566997177798267
22,52,12.534495362797818
22,53,14.181797805638043
22,54,17.825169536360658
22,55,20.150585376112527
23,0,12.780521624722523
23,1,12.897431100804532
23,2,12.031953914472911
23,3,14.537263979167468
23,4,14.082855179259639
23,5,17.07180251174433
23,6,18.192944016843455
23,7,20.508049078349703
23,8,21.640924564352606
23,9,25.029080906018105
23,10,26.932542601841366
23,11,24.63505798653618
23,12,23.016401173945503
23,13,21.346529108967573
23,14,18.815609105208367
23,15,17.16862673599726
23,16,15.13626056858166
23,17,12.625252472723071
23,18,11.94091696646451
23,19,8.540451100498146
23,20,8.578691392048087
23,21,5.529675397344767
23,22,3.813516356330465
23,23,0.0
23,24,3.8022847079091804
23,25,5.1993557293187775
23,26,5.307883382290912
23,27,7.051339589042639
23,28,8.695874596611892
23,29,10.381311140698944
23,30,11.035904720502076
23,31,12.804165728386995
23,32,14.891431731032446
23,33,15.86042666513105
23,34,16.91984308437877
23,35,19.42138125880855
23,36,20.876606501057587
23,37,20.725599388196233
23,38,18.603772628152605
23,39,16.62586421813916
23,40,16.93305282576063
23,41,15.42801247730893
23,42,12.220518687846274
23,43,12.189748397731595
23,44,10.621250820877925
23,45,13.317334718328588
23,46,12.442285401002502
23,47,16.240509875000846
23,48,16.678082054001294
23,49,13.349419275758777
23,50,13.878354153140782
23,51,11.761129367539498
23,52,14.065182721884561
23,53,14.762178362287864
23,54,18.17225109885949
23,55,19.853878311302303
24,0,11.788113419881912
24,1,11.548687631068734
24,2,11.43474765790658
24,3,13.87171168241324
24,4,13.48310361155769
24,5,16.812371040397604
24,6,17.721633361516087
24,7,20.5432162525735
24,8,21.36600498455432
24,9,24.944401736662275
24,10,26.348384580463375
24,11,23.776947217841062
24,12,22.279968177715155
24,13,20.253205375939878
24,14,17.687401929056737
24,15,15.475580538383689
24,16,13.38196491551222
24,17,10.26497174862162
24,18,9.41791500280184
24,19,6.256412230663834
24,20,7.216742963415007
24,21,5.877580539643842
24,22,5.756181199371686
24,23,3.8022847079091804
24,24,0.0
24,25,3.8057809973775463
24,26,5.414721507150668
24,27,5.456579972840132
24,28,5.835597827129625
24,29,8.554015080650723
24,30,9.722398572368856
24,31,10.47796320856301
24,32,12.568672085785355
24,33,14.338625143297387
24,34,15.225300029884469
24,35,17.19545442842381
24,36,19.13999127481515
24,37,19.50734346342423
24,38,17.91281465878548
24,39,16.44628541647019
24,40,17.592505307658712
24,41,16.72500923766561
24,42,13.56141843613713
24,43,14.011209833558272
24,44,12.55824629476584
24,45,15.075195554287182
24,46,14.432092121380046
24,47,18.075367271510697
24,48,17.73187057250306
24,49,14.058990788815532
24,50,14.345893175400407
24,51,12.231869889759293
24,52,14.659224058591915
24,53,15.268841377131404
24,54,18.755514842307047
24,55,20.210683833062156
25,0,10.038238939176532
25,1,8.883423495477405
25,2,7.993008132111464
25,3,10.140410642572617
25,4,9.753635117226807
25,5,13.161295111044353
25,6,14.41996699025348
25,7,17.331811013278447
25,8,18.538510943438794
25,9,22.194397018166544
25,10,23.66495119369571
25,11,20.912602085823753
25,12,19.053602152873875
25,13,16.900025828382628
25,14,14.15074407937618
25,15,12.121602699313321
25,16,10.080941424291682
25,17,7.542696865180251
25,18,7.669226166961045
25,19,5.358299450385356
25,20,7.667897104160956
25,21,6.300863909020732
25,22,4.875376805950491
25,23,5.1993557293187775
25,24,3.8057809973775463
25,25,0.0
25,26,3.8080842952854943
25,27,5.590286396956779
25,28,4.964826180240352
25,29,6.068159605679469
25,30,8.224197772427411
25,31,9.75138062019938
25,32,10.816067076345265
25,33,12.256261828143197
25,34,14.019582946721348
25,35,15.87486699156878
25,36,17.23929450412632
25,37,17.85843346993235
25,38,15.842525556236291
25,39,14.86421612463974
25,40,15.980326216945635
25,41,14.797782164905659
25,42,11.321890345697577
25,43,11.352726809009367
25,44,9.700229533366723
25,45,11.97788595704601
25,46,11.83007007587022
25,47,15.264128307898881
25,48,14.544823168399127
25,49,10.860779852294218
25,50,10.697470635622237
25,51,8.57130935155184
25,52,11.21193297339937
25,53,12.306230210750977
25,54,15.983664848838641
25,55,17.896583584583958
26,0,13.574735098704505
26,1,12.142450617564808
26,2,10.346410826948638
26,3,11.570845690786824
26,4,9.986077608350538
26,5,12.639324705062371
26,6,13.186373193566151
26,7,15.582323414690121
26,8,16.453905858488433
26,9,19.911462151233394
26,10,21.66624778313033
26,11,19.363337780455105
26,12,17.91820239309736
26,13,16.470624183679256
26,14,14.36617255917525
26,15,13.188831714750172
26,16,12.123176893867383
26,17,10.235423879840052
26,18,11.217343446645467
26,19,9.154736642853251
26,20,11.162324578688795
26,21,9.009623632538709
26,22,6.321543561504579
26,23,5.307883382290912
26,24,5.414721507150668
26,25,3.8080842952854943
26,26,0.0
26,27,3.826215623824669
26,28,5.630429202112392
26,29,5.744151373353595
26,30,6.0880495234516605
26,31,8.675706887625932
26,32,10.299843542501021
26,33,10.711458630830817
26,34,12.141997941030956
26,35,14.753211921476625
26,36,15.789905161209804
26,37,15.648597061717707
26,38,13.390626945740816
26,39,11.758325773680538
26,40,12.519432814628622
26,41,11.412437907826707
26,42,8.197998963161682
26,43,9.088571614945883
26,44,8.624356497733613
26,45,11.830124175172465
26,46,12.478033739335697
26,47,15.96818051626421
26,48,15.793520031962476
26,49,12.491470409843672
26,50,11.541040767625768
26,51,8.429020465036254
26,52,9.926323438212155
26,53,10.020393704840144
26,54,13.423875744359377
26,55,14.980255872314064
27,0,15.428864734645902
27,1,13.909633532196311
27,2,12.805083248460354
27,3,13.832764076640649
27,4,12.002293530821515
27,5,14.610244385361938
27,6,14.402221287009862
27,7,17.006344492571003
27,8,17.09068208118096
27,9,20.526706530761334
27,10,21.77425188152282
27,11,19.530641924934265
27,12,18.674078852784145
27,13,17.24960767669804
27,14,15.536660065792777
27,15,14.015784744351635
27,16,13.280950191910216
27,17,10.819149596895313
27,18,11.784474107909949
27,19,9.98668758898565
27,20,12.208894380737348
27,21,10.850281655330427
27,22,9.187970668216133
27,23,7.051339589042639
27,24,5.456579972840132
27,25,5.590286396956779
27,26,3.826215623824669
27,27,0.0
27,28,3.8167018484550237
27,29,5.511239515753239
27,30,4.74866602321115
27,31,5.900900100832077
27,32,8.63356687586307
27,33,9.71698008642603
27,34,10.086046400845081
27,35,12.586790059423413
27,36,14.39600225757137
27,37,14.303908836398533
27,38,12.919953173289755
27,39,11.314507545624778
27,40,12.944833795765783
27,41,12.942584324623889
27,42,10.476260449225192
27,43,12.296530242308194
27,44,12.341725446630225
27,45,15.535012133886474
27,46,16.209075667662237
27,47,19.675052503106567
27,48,19.217294320481226
27,49,15.76065522115118
27,50,14.677391798272607
27,51,11.518152542834288
27,52,12.617985695030724
27,53,11.959753509165648
27,54,14.949076024958867
27,55,15.682104259314182
28,0,13.240035271856339
28,1,11.334746137430693
28,2,10.867666906930852
28,3,11.861642845744429
28,4,10.550444398223233
28,5,13.626748915276893
28,6,13.749170265874229
28,7,16.950323241755598
28,8,17.21162917913351
28,9,20.877573134825802
28,10,21.682488418076
28,11,18.929555330223685
28,12,17.762149194283893
28,13,15.676031449317776
28,14,13.590388405045678
28,15,11.350828824363443
28,16,10.3403831166935
28,17,7.493630562017321
28,18,8.634448737470157
28,19,7.775863810535778
28,20,10.805062933643653
28,21,10.56891484495925
28,22,9.718381346705838
28,23,8.695874596611892
28,24,5.835597827129625
28,25,4.964826180240352
28,26,5.630429202112392
28,27,3.8167018484550237
28,28,0.0
28,29,3.802317451239441
28,30,5.465958836288469
28,31,5.246824849373192
28,32,6.805859240389856
28,33,9.137363350551405
28,34,10.14423604812112
28,35,11.576312236632182
28,36,13.643606268138933
28,37,14.56546810095714
28,38,13.471797615760119
28,39,12.925886352587199
28,40,15.111217323564636
28,41,15.138038248069002
28,42,12.396936153743797
28,43,13.71915409199853
28,44,13.188834899262329
28,45,15.735111661504025
28,46,16.30632457054624
28,47,19.514006815618362
28,48,18.346674848593135
28,49,14.725223258069807
28,50,13.6828405311178
28,51,11.056160771262327
28,52,12.67849099853764
28,53,12.67801076667787
28,54,15.888865818553569
28,55,16.933364786716194
29,0,13.801847629937088
29,1,11.104153817378432
29,2,9.599013595156537
29,3,9.454357989837279
29,4,7.291172813752256
29,5,9.994416141025948
29,6,9.948282917167163
29,7,13.20024424016465
29,8,13.634817673881818
29,9,17.365929574888874
29,10,18.27113838817932
29,11,15.428026607443998
29,12,14.054066386637
29,13,12.080979513267954
29,14,10.165169403408878
29,15,8.58271501332766
29,16,8.501807631321705
29,17,7.019260431128054
29,18,9.579675829588389
29,19,9.550002513088675
29,20,12.9265712777983
29,21,12.312969300700786
29,22,10.567877648799689
29,23,10.381311140698944
29,24,8.554015080650723
29,25,6.068159605679469
29,26,5.744151373353595
29,27,5.511239515753239
29,28,3.802317451239441
29,29,0.0
29,30,3.8045725121227476
29,31,5.246547912675535
29,32,5.029288418852113
29,33,6.3346539763431435
29,34,8.563058390551825
29,35,10.110117556190927
29,36,11.216061251615915
29,37,12.213188977494783
29,38,10.558370376151805
29,39,10.571440299221294
29,40,12.75816652187923
29,41,12.682384791512991
29,42,10.003820870047605
29,43,11.355591089855253
29,44,11.304998452012278
29,45,13.731977752676414
29,46,15.10230250657164
29,47,17.934416466671003
29,48,16.581830417658963
29,49,13.298650984216406
29,50,11.381678127587337
29,51,8.428141016855378
29,52,9.407925488650513
29,53,9.319532445353682
29,54,12.501249337566225
29,55,13.809921107667487
30,0,17.241313349046237
30,1,14.770950003300397
30,2,13.001234633679989
30,3,12.657520807804346
30,4,9.818234922836181
30,5,11.560011678194794
30,6,10.431458239383408
30,7,12.995068141414265
30,8,12.614739989393358
30,9,16.064985714279363
30,10,17.08292580326918
30,11,14.85697294202288
30,12,14.304548018025594
30,13,13.266540694544302
30,14,12.304062621752214
30,15,11.56070140605664
30,16,12.13530325125829
30,17,10.798108213941921
30,18,13.142217963494593
30,19,12.56395701998379
30,20,15.548071423813308
30,21,14.393836493443992
30,22,12.211639939009011
30,23,11.035904720502076
30,24,9.722398572368856
30,25,8.224197772427411
30,26,6.0880495234516605
30,27,4.74866602321115
30,28,5.465958836288469
30,29,3.8045725121227476
30,30,0.0
30,31,3.8022158013453176
30,32,5.279755865568029
30,33,5.09243134465257
30,34,6.0682027817138735
30,35,8.825498116253836
30,36,9.920250299261607
30,37,9.838938408182056
30,38,8.32118194729571
30,39,7.46242065284449
30,40,9.893710173640624
30,41,10.594800611620778
30,42,8.763939981537984
30,43,11.283406444864069
30,44,12.311630192626806
30,45,15.380223437908827
30,46,17.074965680785425
30,47,20.043783624854864
30,48,19.20177470964598
30,49,16.116689672510294
30,50,13.967719534698569
30,51,10.465839908960962
30,52,10.347486941281925
30,53,8.839168795763547
30,54,11.347741405231263
30,55,11.744061180017752
31,0,18.09775679469696
31,1,15.652553178315673
31,2,14.703760437384718
31,3,14.490632284341496
31,4,12.052219629595207
31,5,14.01997521395812
31,6,12.698105370487363
31,7,15.567678857170714
31,8,14.687111765081657
31,9,18.056471499160626
31,10,18.343362041894068
31,11,15.985946515611767
31,12,15.833663979003722
31,13,14.48014064158218
31,14,13.654025560251453
31,15,12.241075279565926
31,16,12.822713129443395
31,17,10.943711436254159
31,18,13.070660809614791
31,19,12.92305370258903
31,20,16.036530235683777
31,21,15.661945153779591
31,22,14.291933214229628
31,23,12.804165728386995
31,24,10.47796320856301
31,25,9.75138062019938
31,26,8.675706887625932
31,27,5.900900100832077
31,28,5.246824849373192
31,29,5.246547912675535
31,30,3.8022158013453176
31,31,0.0
31,32,3.8067964221901835
31,33,5.71008738987417
31,34,5.2102969205219045
31,35,6.847599433378095
31,36,9.318743423874274
31,37,9.989120782130929
31,38,9.89074557351467
31,39,9.710523415346879
31,40,12.805267119431754
31,41,14.12002652263798
31,42,12.553473822014368
31,43,15.029370645506086
31,44,15.754554547812516
31,45,18.613061865260107
31,46,20.019496647018876
31,47,23.01212265307136
31,48,21.81406117622301
31,49,18.51244692092323
31,50,16.577907165863852
31,51,13.428435500831808
31,52,13.639377735072815
31,53,12.278790738505156
31,54,14.51577700297163
31,55,14.43879468653807
32,0,17.661254938423827
32,1,14.632993747008847
32,2,13.56630944656652
32,3,12.538241144594403
32,4,10.023241042696718
32,5,11.665692006906406
32,6,10.23750648351443
32,7,13.463176965337714
32,8,12.698676269595977
32,9,16.19509073762787
32,10,16.09642370217683
32,11,13.261431785444586
32,12,12.850471742313585
32,13,11.124643185289134
32,14,10.4652616307477
32,15,9.14341703084793
32,16,10.523972396391013
32,17,9.558249787487247
32,18,12.510767082797122
32,19,13.382793056757622
32,20,16.94820288408184
32,21,16.912971619440505
32,22,15.504724957250936
32,23,14.891431731032446
32,24,12.568672085785355
32,25,10.816067076345265
32,26,10.299843542501021
32,27,8.63356687586307
32,28,6.805859240389856
32,29,5.029288418852113
32,30,5.279755865568029
32,31,3.8067964221901835
32,32,0.0
32,33,3.8077327899945903
32,34,5.23487277782374
32,35,5.322773431210465
32,36,7.117451791196058
32,37,9.026909825626932
32,38,8.882162067875141
32,39,10.109827990623776
32,40,13.39169522502659
32,41,14.58860534801048
32,42,12.990569733464348
32,43,15.09260656745547
32,44,15.755960332521784
32,45,18.07042276760563
32,46,19.82644902648984
32,47,22.364387896832767
32,48,20.661052296531267
32,49,17.606194364484335
32,50,15.250201342933147
32,51,12.458963159107581
32,52,12.44332648450566
32,53,11.402679904303199
32,54,13.50900251684039
32,55,13.74917550255287
33,0,19.673901926155878
33,1,16.51436747199238
33,2,14.619982113532151
33,3,12.981404931670532
33,4,9.65952669647949
33,5,10.156121848422261
33,6,7.770820420007144
33,7,10.389769246715732
33,8,9.170661372005837
33,9,12.588461899692115
33,10,12.790744818031513
33,11,10.313080820007182
33,12,10.296206145954924
33,13,9.58340289250118
33,14,9.856675504448749
33,15,9.964812793023258
33,16,12.070312257766988
33,17,11.949755227618681
33,18,15.18750868312509
33,19,15.777434677411916
33,20,19.236000519858592
33,21,18.553858951711366
33,22,16.425512746943397
33,23,15.86042666513105
33,24,14.338625143297387
33,25,12.256261828143197
33,26,10.711458630830817
33,27,9.71698008642603
33,28,9.137363350551405
33,29,6.3346539763431435
33,30,5.09243134465257
33,31,5.71008738987417
33,32,3.8077327899945903
33,33,0.0
33,34,3.8109046170168064
33,35,5.359863244524063
33,36,5.126044966638508
33,37,6.055966149178841
33,38,5.117165817129634
33,39,6.816460298424689
33,40,10.144314269579782
33,41,11.659017668740365
33,42,10.778227358893483
33,43,13.312324139683499
33,44,14.816254891165986
33,45,17.28787858587629
33,46,19.644579303207284
33,47,21.98294559425556
33,48,20.582442056276996
33,49,17.940759989476476
33,50,15.045552432529687
33,51,11.884652708430314
33,52,10.736359951119374
33,53,8.778075529408481
33,54,10.170701549057467
33,55,10.027509660927782
34,0,22.245075567414915
34,1,19.35199506510892
34,2,17.77392531209693
34,3,16.53634004246405
34,4,13.320040465403999
34,5,13.9014805326627
34,6,11.290665436545359
34,7,13.361911577315574
34,8,11.353712080196502
34,9,14.187127158096526
34,10,14.041241148844357
34,11,12.290822348402891
34,12,13.227930941761073
34,13,12.991394574871475
34,14,13.583568382424406
34,15,13.444160739890012
34,16,15.310982006390054
34,17,14.553566779315647
34,18,17.381846449672718
34,19,17.626643951699936
34,20,20.88534993721676
34,21,20.209558728482918
34,22,18.252978195352124
34,23,16.91984308437877
34,24,15.225300029884469
34,25,14.019582946721348
34,26,12.141997941030956
34,27,10.086046400845081
34,28,10.14423604812112
34,29,8.563058390551825
34,30,6.0682027817138735
34,31,5.2102969205219045
34,32,5.23487277782374
34,33,3.8109046170168064
34,34,0.0
34,35,3.809141635591934
34,36,5.093474354504987
34,37,4.881578023549357
34,38,5.937742500311038
34,39,6.741329913303457
34,40,10.503457621183607
34,41,12.922201089597701
34,42,12.681641573550326
34,43,15.779732190376363
34,44,17.53409669757755
34,45,20.38846472886078
34,46,22.57149321600146
34,47,25.184669046862616
34,48,24.010689473649023
34,49,21.19453337537772
34,50,18.513783459898196
34,51,15.16948126997097
34,52,14.046631304337707
34,53,11.604539973648244
34,54,12.489843794059235
34,55,11.289534534248965
35,0,22.927370782538496
35,1,19.820608391267914
35,2,18.690876838714658
35,3,17.18505949946057
35,4,14.303510967591139
35,5,14.864273308843593
35,6,12.26608291183457
35,7,14.656810191852797
35,8,12.540590496463873
35,9,15.248843661078043
35,10,14.198384591213186
35,11,12.078125930789097
35,12,13.18538664582878
35,13,12.546315833741794
35,14,13.406055870389322
35,15,12.976911882262282
35,16,15.191774945673727
35,17,14.645373399131891
35,18,17.606398098418655
35,19,18.56986346207209
35,20,22.064726556202775
35,21,21.997883716394178
35,22,20.469213687877705
35,23,19.42138125880855
35,24,17.19545442842381
35,25,15.87486699156878
35,26,14.753211921476625
35,27,12.586790059423413
35,28,11.576312236632182
35,29,10.110117556190927
35,30,8.825498116253836
35,31,6.847599433378095
35,32,5.322773431210465
35,33,5.359863244524063
35,34,3.809141635591934
35,35,0.0
35,36,3.8199571987130994
35,37,6.003484654765098
35,38,8.141293877511117
35,39,10.112534647653872
35,40,13.900234026806888
35,41,16.25460836193847
35,42,15.845550447996434
35,43,18.60390980412451
35,44,20.030270966714355
35,45,22.487893053818983
35,46,24.6313744236898
35,47,27.033642355405973
35,48,25.37723304460122
35,49,22.568790065043363
35,50,19.86320371944063
35,51,16.945809216440505
35,52,16.031799244002528
35,53,14.041956986118423
35,54,14.869119207269812
35,55,13.796399747760283
36,0,24.04275445950401
36,1,20.670022012566893
36,2,18.978474754310472
36,3,16.8216411506131
36,4,13.584891497542408
36,5,13.158916292765147
36,6,9.970654692646818
36,7,11.761280117402187
36,8,9.226404012398328
36,9,11.658829615360197
36,10,10.393331323497776
36,11,8.366256092183647
36,12,9.969610223072914
36,13,10.14710608991549
36,14,11.932812618993058
36,15,12.596080144235348
36,16,15.488826004575039
36,17,15.820027149154958
36,18,19.205953894560924
36,19,20.30810217622513
36,20,23.894146417062068
36,21,23.51537584220163
36,22,21.52904438195063
36,23,20.876606501057587
36,24,19.13999127481515
36,25,17.23929450412632
36,26,15.789905161209804
36,27,14.39600225757137
36,28,13.643606268138933
36,29,11.216061251615915
36,30,9.920250299261607
36,31,9.318743423874274
36,32,7.117451791196058
36,33,5.126044966638508
36,34,5.093474354504987
36,35,3.8199571987130994
36,36,0.0
36,37,3.8107701321386487
36,38,5.842443581242354
36,39,8.9481467354978
36,40,12.486010451701535
36,41,14.878268918123506
36,42,14.971042649060886
36,43,17.665587592831436
36,44,19.51427134176421
36,45,21.747474221159568
36,46,24.367145524250475
36,47,26.39170100618753
36,48,24.750583225451475
36,49,22.385059124335587
36,50,19.241201755607676
36,51,16.385777827128013
36,52,14.727405542049826
36,53,12.451597206784356
36,54,12.49960691381933
36,55,11.23403769799621
37,0,25.715205210147555
37,1,22.532162989824123
37,2,20.46010862630011
37,3,18.471474061373662
37,4,14.894086141821527
37,5,14.18020482926816
37,6,10.704299790271197
37,7,11.573563366569523
37,8,8.493473141183179
37,9,10.400485421363754
37,10,9.795415100954122
37,11,8.974108869408706
37,12,11.097044155990368
37,13,12.199304775273056
37,14,14.067839564055314
37,15,15.126707705247696
37,16,17.80122282316583
37,17,17.947401093194525
37,18,21.19077964587429
37,19,21.691715123521238
37,20,25.04058142296221
37,21,24.12700138848589
37,22,21.74793022335689
37,23,20.725599388196233
37,24,19.50734346342423
37,25,17.85843346993235
37,26,15.648597061717707
37,27,14.303908836398533
37,28,14.56546810095714
37,29,12.213188977494783
37,30,9.838938408182056
37,31,9.989120782130929
37,32,9.026909825626932
37,33,6.055966149178841
37,34,4.881578023549357
37,35,6.003484654765098
37,36,3.8107701321386487
37,37,0.0
37,38,3.8220703813509296
37,39,6.258787821934849
37,40,9.682988898062417
37,41,12.690853123411365
37,42,13.608516193913282
37,43,16.797400751306736
37,44,19.23777583298028
37,45,21.862432481313693
37,46,24.633581753370745
37,47,26.793705884031795
37,48,25.660077649921483
37,49,23.382546931418744
37,50,20.19203144807377
37,51,16.93849739498755
37,52,14.798547597652956
37,53,11.763291716182168
37,54,11.129833871177054
37,55,8.906276550837621
38,0,23.656600114978485
38,1,20.514472086797653
38,2,17.987153054332975
38,3,15.928251881484044
38,4,12.176967684937003
38,5,11.174844294217259
38,6,7.76834345275748
38,7,8.387129723570515
38,8,5.84639820744362
38,9,8.492380761600367
38,10,9.216752736186427
38,11,8.084461515772093
38,12,9.2520511779821
38,13,10.48186133279772
38,14,12.025659150333505
38,15,13.520798349210006
38,16,16.04651301685198
38,17,16.491078921647304
38,18,19.782893569950783
38,19,20.058351602262835
38,20,23.297701817990543
38,21,22.0065151716486
38,22,19.265038463496513
38,23,18.603772628152605
38,24,17.91281465878548
38,25,15.842525556236291
38,26,13.390626945740816
38,27,12.919953173289755
38,28,13.471797615760119
38,29,10.558370376151805
38,30,8.32118194729571
38,31,9.89074557351467
38,32,8.882162067875141
38,33,5.117165817129634
38,34,5.937742500311038
38,35,8.141293877511117
38,36,5.842443581242354
38,37,3.8220703813509296
38,38,0.0
38,39,3.819217851864435
38,40,6.810188984161894
38,41,9.251836844648743
38,42,10.098446662729867
38,43,13.159783204901212
38,44,15.783194005016856
38,45,18.36697100776282
38,46,21.310787643820206
38,47,23.35668925597119
38,48,22.442914806236736
38,49,20.37986974933844
38,50,17.092635548680022
38,51,13.765490764952771
38,52,11.280493295951201
38,53,8.038008086584638
38,54,7.384162376329492
38,55,5.659587970868548
39,0,23.661956343464077
39,1,20.933224357465814
39,2,18.317835625422564
39,3,16.891011366996352
39,4,13.204136132288246
39,5,12.709059918026984
39,6,9.938313388095589
39,7,10.308173359038934
39,8,8.463136120847873
39,9,10.744353400740314
39,10,12.267895418530435
39,11,11.628874193145267
39,12,12.45680304090901
39,13,13.526580351293523
39,14,14.391462017460213
39,15,15.534393357965415
39,16,17.385963102457108
39,17,17.26148884076921
39,18,20.114233244148284
39,19,19.65834270735964
39,20,22.501603387314425
39,21,20.73515259167388
39,22,17.77668242389451
39,23,16.62586421813916
39,24,16.44628541647019
39,25,14.86421612463974
39,26,11.758325773680538
39,27,11.314507545624778
39,28,12.925886352587199
39,29,10.571440299221294
39,30,7.46242065284449
39,31,9.710523415346879
39,32,10.109827990623776
39,33,6.816460298424689
39,34,6.741329913303457
39,35,10.112534647653872
39,36,8.9481467354978
39,37,6.258787821934849
39,38,3.819217851864435
39,39,0.0
39,40,3.8085224168960847
39,41,6.806245220383999
39,42,8.100766753832627
39,43,11.72603637210801
39,44,14.636238246216136
39,45,17.752653688955913
39,46,20.47399743577204
39,47,22.87924941950675
39,48,22.53432160061625
39,49,20.338653790258586
39,50,17.385711000704
39,51,13.716776625723698
39,52,11.406868194206506
39,53,7.848969677607374
39,54,7.520068151286928
39,55,5.624604963906356
40,0,24.708207644424554
40,1,22.21915266161156
40,2,19.219676298002526
40,3,17.896169478410737
40,4,14.301944762863545
40,5,13.429995197318576
40,6,11.106147216744427
40,7,10.471169036931835
40,8,9.307424885541648
40,9,10.920481170717707
40,10,13.402935536665094
40,11,13.331358970487592
40,12,13.84472249631606
40,13,15.317076059091695
40,14,16.06448642191838
40,15,17.595409799149323
40,16,19.210747356623063
40,17,19.27487717211189
40,18,21.95078012281113
40,19,21.106556351048837
40,20,23.593307779961673
40,21,21.299578728228408
40,22,17.94330797261196
40,23,16.93305282576063
40,24,17.592505307658712
40,25,15.980326216945635
40,26,12.519432814628622
40,27,12.944833795765783
40,28,15.111217323564636
40,29,12.75816652187923
40,30,9.893710173640624
40,31,12.805267119431754
40,32,13.39169522502659
40,33,10.144314269579782
40,34,10.503457621183607
40,35,13.900234026806888
40,36,12.486010451701535
40,37,9.682988898062417
40,38,6.810188984161894
40,39,3.8085224168960847
40,40,0.0
40,41,3.811076619539418
40,42,6.628845223717325
40,43,10.196119359834897
40,44,13.657525288279718
40,45,16.810031350357438
40,46,19.66735752458881
40,47,21.918910305943587
40,48,22.14928922110143
40,49,20.35746912069376
40,50,17.484291235277453
40,51,13.876546616503688
40,52,11.190846482728642
40,53,7.524678730683455
40,54,6.454668852853723
40,55,4.701079663226306
41,0,22.90894606916695
41,1,20.65587635516828
41,2,17.370176452759484
41,3,16.24533979330688
41,4,12.972516679503636
41,5,12.134640744579134
41,6,10.789408927276787
41,7,10.030638065447283
41,8,10.280106273769741
41,9,12.120122689147994
41,10,15.160052572468212
41,11,14.70608258510743
41,12,14.275259647375945
41,13,15.419094461089472
41,14,15.546828647669596
41,15,17.142564598099085
41,16,18.307412515153526
41,17,18.56339163515116
41,18,21.023126908240837
41,19,19.94980942264863
41,20,22.14461995609769
41,21,19.51843162244344
41,22,15.89607869884897
41,23,15.42801247730893
41,24,16.72500923766561
41,25,14.797782164905659
41,26,11.412437907826707
41,27,12.942584324623889
41,28,15.138038248069002
41,29,12.682384791512991
41,30,10.594800611620778
41,31,14.12002652263798
41,32,14.58860534801048
41,33,11.659017668740365
41,34,12.922201089597701
41,35,16.25460836193847
41,36,14.878268918123506
41,37,12.690853123411365
41,38,9.251836844648743
41,39,6.806245220383999
41,40,3.811076619539418
41,41,0.0
41,42,3.8126804219603856
41,43,6.8303148536505995
41,44,10.519046059410522
41,45,13.585299739056182
41,46,16.481688293375772
41,47,18.59858344068171
41,48,19.20901725752778
41,49,17.721616799829523
41,50,15.031623764583786
41,51,11.620158217511499
41,52,8.952145776292967
41,53,5.883328734653538
41,54,5.551737295658002
41,55,6.110533610086767
42,0,19.1463754794478
42,1,17.03056240997343
42,2,13.769045210180698
42,3,13.052968589558468
42,4,10.11613172116694
42,5,10.141211860522391
42,6,9.801556458032572
42,7,10.172837558911477
42,8,11.286736153556527
42,9,13.953234965412141
42,10,16.732400485286025
42,11,15.4129497825692
42,12,14.196560358058566
42,13,14.396996422865431
42,14,13.624257961445092
42,15,14.678159182949338
42,16,15.252356572018634
42,17,15.33783977618752
42,18,17.562462384301355
42,19,16.379819901329807
42,20,18.507746189096068
42,21,15.89690677458983
42,22,12.264500234416404
42,23,12.220518687846274
42,24,13.56141843613713
42,25,11.321890345697577
42,26,8.197998963161682
42,27,10.476260449225192
42,28,12.396936153743797
42,29,10.003820870047605
42,30,8.763939981537984
42,31,12.553473822014368
42,32,12.990569733464348
42,33,10.778227358893483
42,34,12.681641573550326
42,35,15.845550447996434
42,36,14.971042649060886
42,37,13.608516193913282
42,38,10.098446662729867
42,39,8.100766753832627
42,40,6.628845223717325
42,41,3.8126804219603856
42,42,0.0
42,43,3.8153386481412106
42,44,7.055526486379312
42,45,10.40667694319373
42,46,13.06396253056476
42,47,15.493337600401018
42,48,15.967572514317887
42,49,14.155260718192372
42,50,11.709513269132923
42,51,8.186367753772121
42,52,6.305865047715501
42,53,4.398551238760327
42,54,6.538804401417738
42,55,8.499616991370845
43,0,17.48038543625397
43,1,15.634699645340168
43,2,12.101963683634157
43,3,11.597715723365528
43,4,9.476882715323642
43,5,9.595839984076434
43,6,10.606310291519856
43,7,10.958413799451087
43,8,13.144577817488091
43,9,15.774166507299205
43,10,18.72721925433672
43,11,17.13443334341699
43,12,15.158131184285217
43,13,14.956830580039343
43,14,13.556097889879668
43,15,14.620837116936908
43,16,14.660849293270838
43,17,15.134583905743824
43,18,17.06339866497879
43,19,15.859113752035453
43,20,17.6458747020373
43,21,14.875698437384377
43,22,11.152897964206433
43,23,12.189748397731595
43,24,14.011209833558272
43,25,11.352726809009367
43,26,9.088571614945883
43,27,12.296530242308194
43,28,13.71915409199853
43,29,11.355591089855253
43,30,11.283406444864069
43,31,15.029370645506086
43,32,15.09260656745547
43,33,13.312324139683499
43,34,15.779732190376363
43,35,18.60390980412451
43,36,17.665587592831436
43,37,16.797400751306736
43,38,13.159783204901212
43,39,11.72603637210801
43,40,10.196119359834897
43,41,6.8303148536505995
43,42,3.8153386481412106
43,43,0.0
43,44,3.819418149404436
43,45,6.829503788709689
43,46,9.680493685757975
43,47,11.83390869493254
43,48,12.657924355912387
43,49,11.327467016063212
43,50,9.16969127070263
43,51,6.36916430938942
43,52,5.141450670773766
43,53,5.679400672606222
43,54,8.201977932181968
43,55,11.17585227175091
44,0,14.211473252270503
44,1,12.802949894457917
44,2,9.373015203231027
44,3,9.749319207001072
44,4,8.866743539767011
44,5,10.055627379731211
44,6,12.157317837417922
44,7,13.265500442878135
44,8,15.828197907531989
44,9,18.754924206725015
44,10,21.448911720644478
44,11,19.363372149499167
44,12,16.891335234373866
44,13,15.882787727599963
44,14,13.6243918396382
44,15,13.980675269814402
44,16,13.094072895779984
44,17,13.424579285772795
44,18,14.764532806695916
44,19,13.413707690269682
44,20,14.824382516651411
44,21,12.079997806291193
44,22,8.54963098618882
44,23,10.621250820877925
44,24,12.55824629476584
44,25,9.700229533366723
44,26,8.624356497733613
44,27,12.341725446630225
44,28,13.188834899262329
44,29,11.304998452012278
44,30,12.311630192626806
44,31,15.754554547812516
44,32,15.755960332521784
44,33,14.816254891165986
44,34,17.53409669757755
44,35,20.030270966714355
44,36,19.51427134176421
44,37,19.23777583298028
44,38,15.783194005016856
44,39,14.636238246216136
44,40,13.657525288279718
44,41,10.519046059410522
44,42,7.055526486379312
44,43,3.819418149404436
44,44,0.0
44,45,3.821507686764481
44,46,6.011606191360178
44,47,8.6599750577008
44,48,9.51481213687375
44,49,7.902088711220597
44,50,6.666450404825645
44,51,4.829784777813603
44,52,6.0325321383313
44,53,8.291455541700746
44,54,11.417888815363371
44,55,14.60057372160423
45,0,13.627912129156101
45,1,12.378799012828345
45,2,8.923150732784917
45,3,9.15530534717439
45,4,9.46188173673715
45,5,10.360471466106162
45,6,13.305787612914914
45,7,14.296804852833377
45,8,17.43756622926491
45,9,20.219553778459108
45,10,22.877074179186465
45,11,20.614548794480076
45,12,17.63686239102636
45,13,16.363756323045145
45,14,13.800383690318178
45,15,14.286504261015008
45,16,13.144041844120856
45,17,14.177797995457546
45,18,15.354170703753427
45,19,14.494978751277976
45,20,15.701431208651012
45,21,13.351650759363054
45,22,10.421961955409357
45,23,13.317334718328588
45,24,15.075195554287182
45,25,11.97788595704601
45,26,11.830124175172465
45,27,15.535012133886474
45,28,15.735111661504025
45,29,13.731977752676414
45,30,15.380223437908827
45,31,18.613061865260107
45,32,18.07042276760563
45,33,17.28787858587629
45,34,20.38846472886078
45,35,22.487893053818983
45,36,21.747474221159568
45,37,21.862432481313693
45,38,18.36697100776282
45,39,17.752653688955913
45,40,16.810031350357438
45,41,13.585299739056182
45,42,10.40667694319373
45,43,6.829503788709689
45,44,3.821507686764481
45,45,0.0
45,46,3.812759368226644
45,47,5.141371898627834
45,48,6.053697465186048
45,49,5.707204131621721
45,50,5.052831879253456
45,51,5.720485993340075
45,52,7.353482236328582
45,53,10.568015991660875
45,54,13.410376653919903
45,55,16.983606919615163
46,0,11.727257863626946
46,1,11.557542688651425
46,2,8.910114309031059
46,3,10.5257633452401
46,4,11.76499587760234
46,5,13.468450356295635
46,6,16.542066315911082
46,7,17.910549209893038
46,8,20.93054863112766
46,9,23.866156644922953
46,10,26.416500241326442
46,11,23.992113120773666
46,12,20.987110544331728
46,13,19.325582086964417
46,14,16.35401712118463
46,15,16.08331389981555
46,16,14.082677373283818
46,17,14.501886980665656
46,18,14.710817924235213
46,19,13.373856324934856
46,20,13.71344639395947
46,21,11.321036083327359
46,22,9.03803789547267
46,23,12.442285401002502
46,24,14.432092121380046
46,25,11.83007007587022
46,26,12.478033739335697
46,27,16.209075667662237
46,28,16.30632457054624
46,29,15.10230250657164
46,30,17.074965680785425
46,31,20.019496647018876
46,32,19.82644902648984
46,33,19.644579303207284
46,34,22.57149321600146
46,35,24.6313744236898
46,36,24.367145524250475
46,37,24.633581753370745
46,38,21.310787643820206
46,39,20.47399743577204
46,40,19.66735752458881
46,41,16.481688293375772
46,42,13.06396253056476
46,43,9.680493685757975
46,44,6.011606191360178
46,45,3.812759368226644
46,46,0.0
46,47,3.8105381509702783
46,48,5.576240758790825
46,49,4.900714335686182
46,50,6.752934769416927
46,51,8.087077469642542
46,52,10.675789479003416
46,53,13.821586377836663
46,54,16.925431456834417
46,55,20.35645199930479
47,0,13.593728112626057
47,1,13.34274536967561
47,2,10.751691122795519
47,3,11.644014470963183
47,4,13.288716303691638
47,5,14.306143086101159
47,6,17.693570838019102
47,7,18.675678675753662
47,8,22.068594178152807
47,9,24.72045416249467
47,10,27.313996961265115
47,11,24.92701532474355
47,12,21.64163612114389
47,13,20.054037648314115
47,14,17.172772781353626
47,15,17.335536940054666
47,16,15.559766097213672
47,17,16.718456657239624
47,18,17.10646605818981
47,19,16.347198475579845
47,20,16.737228115790263
47,21,14.74998884745341
47,22,12.771906905392006
47,23,16.240509875000846
47,24,18.075367271510697
47,25,15.264128307898881
47,26,15.96818051626421
47,27,19.675052503106567
47,28,19.514006815618362
47,29,17.934416466671003
47,30,20.043783624854864
47,31,23.01212265307136
47,32,22.364387896832767
47,33,21.98294559425556
47,34,25.184669046862616
47,35,27.033642355405973
47,36,26.39170100618753
47,37,26.793705884031795
47,38,23.35668925597119
47,39,22.87924941950675
47,40,21.918910305943587
47,41,18.59858344068171
47,42,15.493337600401018
47,43,11.83390869493254
47,44,8.6599750577008
47,45,5.141371898627834
47,46,3.8105381509702783
47,47,0.0
47,48,3.820527973984746
47,49,5.9425467604386615
47,50,7.669892372126221
47,51,10.105559509497729
47,52,12.168591865947349
47,53,15.596935949089486
47,54,18.28240358924395
47,55,21.953589433165593
48,0,11.60548568565745
48,1,10.781538480198455
48,2,8.326905907958851
48,3,8.836857190200599
48,4,11.218928692170213
48,5,12.436631939556626
48,6,16.12101153774167
48,7,17.58409588235915
48,8,21.00191831714427
48,9,23.84717530442547
48,10,26.02676925782376
48,11,23.281073965777438
48,12,19.78620231373368
48,13,17.724122714537945
48,14,14.57488624312382
48,15,14.501656353672155
48,16,12.638041501751765
48,17,14.287099670681942
48,18,14.892022998907837
48,19,14.934840072796227
48,20,15.868661096639503
48,21,14.644837076594607
48,22,13.073570973532824
48,23,16.678082054001294
48,24,17.73187057250306
48,25,14.544823168399127
48,26,15.793520031962476
48,27,19.217294320481226
48,28,18.346674848593135
48,29,16.581830417658963
48,30,19.20177470964598
48,31,21.81406117622301
48,32,20.661052296531267
48,33,20.582442056276996
48,34,24.010689473649023
48,35,25.37723304460122
48,36,24.750583225451475
48,37,25.660077649921483
48,38,22.442914806236736
48,39,22.53432160061625
48,40,22.14928922110143
48,41,19.20901725752778
48,42,15.967572514317887
48,43,12.657924355912387
48,44,9.51481213687375
48,45,6.053697465186048
48,46,5.576240758790825
48,47,3.820527973984746
48,48,0.0
48,49,3.8101677128441485
48,50,5.542692215882099
48,51,8.994420548317718
48,52,11.419096374056924
48,53,15.16497823935135
48,54,18.009334107623193
48,55,21.713160087836133
49,0,8.569427868883666
49,1,7.520232044292248
49,2,4.878243946339708
49,3,6.518574307315978
49,4,9.002625006074616
49,5,11.249587814671255
49,6,14.729960047467882
49,7,16.822062834266195
49,8,19.85159487295668
49,9,23.067106017010456
49,10,25.052446267779917
49,11,22.126475657004214
49,12,18.8517305306436
49,13,16.494694359096197
49,14,13.072389108345881
49,15,12.275947010312484
49,16,9.910909292289988
49,17,10.8965452782063
49,18,11.340684503150593
49,19,11.181876318400235
49,20,12.357359143441611
49,21,11.229087273683467
49,22,9.764368694390848
49,23,13.349419275758777
49,24,14.058990788815532
49,25,10.860779852294218
49,26,12.491470409843672
49,27,15.76065522115118
49,28,14.725223258069807
49,29,13.298650984216406
49,30,16.116689672510294
49,31,18.51244692092323
49,32,17.606194364484335
49,33,17.940759989476476
49,34,21.19453337537772
49,35,22.568790065043363
49,36,22.385059124335587
49,37,23.382546931418744
49,38,20.37986974933844
49,39,20.338653790258586
49,40,20.35746912069376
49,41,17.721616799829523
49,42,14.155260718192372
49,43,11.327467016063212
49,44,7.902088711220597
49,45,5.707204131621721
49,46,4.900714335686182
49,47,5.9425467604386615
49,48,3.8101677128441485
49,49,0.0
49,50,3.8045689637592344
49,51,6.701514082653263
49,52,10.009182484099288
49,53,13.603127471283948
49,54,16.9385677375627
49,55,20.401335323943872
50,0,10.957008031392512
50,1,8.652723559666054
50,2,4.992106669533414
50,3,4.2441684697947615
50,4,5.751362273409666
50,5,7.489487766196031
50,6,11.02327201877918
50,7,13.053158276830938
50,8,16.13805645051473
50,9,19.32189330785159
50,10,21.284913647933834
50,11,18.397180762279856
50,12,15.107477651812033
50,13,12.95071901478833
50,14,9.765637920791454
50,15,9.732653594986314
50,16,8.425778658379297
50,17,10.191446511658686
50,18,11.880810241730149
50,19,12.191625363338558
50,20,14.260855654553131
50,21,13.040516630870114
50,22,10.869879162161833
50,23,13.878354153140782
50,24,14.345893175400407
50,25,10.697470635622237
50,26,11.541040767625768
50,27,14.677391798272607
50,28,13.6828405311178
50,29,11.381678127587337
50,30,13.967719534698569
50,31,16.577907165863852
50,32,15.250201342933147
50,33,15.045552432529687
50,34,18.513783459898196
50,35,19.86320371944063
50,36,19.241201755607676
50,37,20.19203144807377
50,38,17.092635548680022
50,39,17.385711000704
50,40,17.484291235277453
50,41,15.031623764583786
50,42,11.709513269132923
50,43,9.16969127070263
50,44,6.666450404825645
50,45,5.052831879253456
50,46,6.752934769416927
50,47,7.669892372126221
50,48,5.542692215882099
50,49,3.8045689637592344
50,50,0.0
50,51,3.814586478243742
50,52,6.594074385385716
50,53,10.316254843692066
50,54,13.497398786432887
50,55,17.00619540050037
51,0,12.329496380631287
51,1,9.813855766211363
51,2,6.113668211475006
51,3,5.273759190558477
51,4,4.116701349381565
51,5,6.145693207442103
51,6,8.809036723728651
51,7,10.979003278986667
51,8,13.593096630275236
51,9,16.953899462955416
51,10,19.015674455564284
51,11,16.311403311793867
51,12,13.502594824699436
51,13,11.755340275806565
51,14,9.039840595939731
51,15,9.17907119484319
51,16,8.557052997381751
51,17,9.590085922451374
51,18,11.76751995961766
51,19,11.5967197517229
51,20,14.034402231659174
51,21,12.385353850415418
51,22,9.566997177798267
51,23,11.761129367539498
51,24,12.231869889759293
51,25,8.57130935155184
51,26,8.429020465036254
51,27,11.518152542834288
51,28,11.056160771262327
51,29,8.428141016855378
51,30,10.465839908960962
51,31,13.428435500831808
51,32,12.458963159107581
51,33,11.884652708430314
51,34,15.16948126997097
51,35,16.945809216440505
51,36,16.385777827128013
51,37,16.93849739498755
51,38,13.765490764952771
51,39,13.716776625723698
51,40,13.876546616503688
51,41,11.620158217511499
51,42,8.186367753772121
51,43,6.36916430938942
51,44,4.829784777813603
51,45,5.720485993340075
51,46,8.087077469642542
51,47,10.105559509497729
51,48,8.994420548317718
51,49,6.701514082653263
51,50,3.814586478243742
51,51,0.0
51,52,3.7912890947539197
51,53,7.038605401640299
51,54,10.597067801991265
51,55,13.847248102059845
52,0,16.06687026150395
52,1,13.32608652230654
52,2,9.671476309230147
52,3,7.753148328259946
52,4,5.010620420666487
52,5,4.4654072602619355
52,6,6.202872640962411
52,7,7.518125697273224
52,8,10.276758486993844
52,9,13.412918176146457
52,10,15.79180819285746
52,11,13.471625477276303
52,12,10.860598786438988
52,13,10.078471213433115
52,14,8.493925653077026
52,15,10.015153967862899
52,16,10.766136772306025
52,17,12.216248401207304
52,18,14.941529941742914
52,19,14.912989572852252
52,20,17.5216336281752
52,21,15.693245011787717
52,22,12.534495362797818
52,23,14.065182721884561
52,24,14.659224058591915
52,25,11.21193297339937
52,26,9.926323438212155
52,27,12.617985695030724
52,28,12.67849099853764
52,29,9.407925488650513
52,30,10.347486941281925
52,31,13.639377735072815
52,32,12.44332648450566
52,33,10.736359951119374
52,34,14.046631304337707
52,35,16.031799244002528
52,36,14.727405542049826
52,37,14.798547597652956
52,38,11.280493295951201
52,39,11.406868194206506
52,40,11.190846482728642
52,41,8.952145776292967
52,42,6.305865047715501
52,43,5.141450670773766
52,44,6.0325321383313
52,45,7.353482236328582
52,46,10.675789479003416
52,47,12.168591865947349
52,48,11.419096374056924
52,49,10.009182484099288
52,50,6.594074385385716
52,51,3.7912890947539197
52,52,0.0
52,53,3.7991160814063045
52,54,6.957014661476573
52,55,10.440489500018664
53,0,18.92415903019207
53,1,16.128750385569244
53,2,12.72826040745553
53,3,10.858460756479253
53,4,7.3918770281979125
53,5,6.281351208139854
53,6,5.487889393929144
53,7,6.0400765723623095
53,8,7.695435400287627
53,9,10.78960244865398
53,10,13.333156452993418
53,11,11.547580612405353
53,12,9.899973181781856
53,13,10.14524918373127
53,14,9.77220885982284
53,15,11.56694142805262
53,16,12.994719465998486
53,17,13.996752409041177
53,18,16.928153886351577
53,19,16.71870392703932
53,20,19.4617775652688
53,21,17.499611995698647
53,22,14.181797805638043
53,23,14.762178362287864
53,24,15.268841377131404
53,25,12.306230210750977
53,26,10.020393704840144
53,27,11.959753509165648
53,28,12.67801076667787
53,29,9.319532445353682
53,30,8.839168795763547
53,31,12.278790738505156
53,32,11.402679904303199
53,33,8.778075529408481
53,34,11.604539973648244
53,35,14.041956986118423
53,36,12.451597206784356
53,37,11.763291716182168
53,38,8.038008086584638
53,39,7.848969677607374
53,40,7.524678730683455
53,41,5.883328734653538
53,42,4.398551238760327
53,43,5.679400672606222
53,44,8.291455541700746
53,45,10.568015991660875
53,46,13.821586377836663
53,47,15.596935949089486
53,48,15.16497823935135
53,49,13.603127471283948
53,50,10.316254843692066
53,51,7.038605401640299
53,52,3.7991160814063045
53,53,0.0
53,54,3.804385627141391
53,55,6.824309635413681
54,0,22.64703965201633
54,1,19.747478294708923
54,2,16.31930430502477
54,3,14.061378666403945
54,4,10.548621995312942
54,5,8.322568894277776
54,6,6.304364361297656
54,7,4.539840856241551
54,8,5.439669659087762
54,9,7.620367510822557
54,10,10.731443565522767
54,11,9.904074817972651
54,12,9.041501479289819
54,13,10.693122135279294
54,14,11.565698681878237
54,15,14.088341776092742
54,16,16.13088881618121
54,17,17.41806814775967
54,18,20.539794400139453
54,19,20.463508276930426
54,20,23.244055283018064
54,21,21.225559356587052
54,22,17.825169536360658
54,23,18.17225109885949
54,24,18.755514842307047
54,25,15.983664848838641
54,26,13.423875744359377
54,27,14.949076024958867
54,28,15.888865818553569
54,29,12.501249337566225
54,30,11.347741405231263
54,31,14.51577700297163
54,32,13.50900251684039
54,33,10.170701549057467
54,34,12.489843794059235
54,35,14.869119207269812
54,36,12.49960691381933
54,37,11.129833871177054
54,38,7.384162376329492
54,39,7.520068151286928
54,40,6.454668852853723
54,41,5.551737295658002
54,42,6.538804401417738
54,43,8.201977932181968
54,44,11.417888815363371
54,45,13.410376653919903
54,46,16.925431456834417
54,47,18.28240358924395
54,48,18.009334107623193
54,49,16.9385677375627
54,50,13.497398786432887
54,51,10.597067801991265
54,52,6.957014661476573
54,53,3.804385627141391
54,54,0.0
54,55,3.8194635749015853
55,0,25.45545059510831
55,1,22.511882129222336
55,2,19.318911227085238
55,3,17.137939432732278
55,4,13.424146676791041
55,5,11.414586676704506
55,6,8.492395186282844
55,7,6.733234066925047
55,8,5.107975332751712
55,9,6.297733798756502
55,10,9.160115010195014
55,11,9.358239684898011
55,12,10.012020924868265
55,13,12.292320732880347
55,14,13.874420852777963
55,15,16.251108639105208
55,16,18.586547931232413
55,17,19.52740627938078
55,18,22.708978004304818
55,19,22.583141787625564
55,20,25.45122209246542
55,21,23.48077635002727
55,22,20.150585376112527
55,23,19.853878311302303
55,24,20.210683833062156
55,25,17.896583584583958
55,26,14.980255872314064
55,27,15.682104259314182
55,28,16.933364786716194
55,29,13.809921107667487
55,30,11.744061180017752
55,31,14.43879468653807
55,32,13.74917550255287
55,33,10.027509660927782
55,34,11.289534534248965
55,35,13.796399747760283
55,36,11.23403769799621
55,37,8.906276550837621
55,38,5.659587970868548
55,39,5.624604963906356
55,40,4.701079663226306
55,41,6.110533610086767
55,42,8.499616991370845
55,43,11.17585227175091
55,44,14.60057372160423
55,45,16.983606919615163
55,46,20.35645199930479
55,47,21.953589433165593
55,48,21.713160087836133
55,49,20.401335323943872
55,50,17.00619540050037
55,51,13.847248102059845
55,52,10.440489500018664
55,53,6.824309635413681
55,54,3.8194635749015853
55,55,0.0
